text,sentiment
ባለውለታህን በእርግጫ ከመግፋት በብልሀት ሥርዓት አስይዘው፣,Positive
የታመነ ሰው እጅግ ይባረካል፤,Positive
ትንሽ ሰው ትንሽ ነው አንሶ ያሳንሳል,Negative
ሆዳሞች የሚወረወርላቸውን ፍርፋሪ ካገኙ ይጮሃሉ,Negative
የአንዳንድ ዘረኞች አስተሳሰብ እጅግ አድርጎ ይደንቀኛል,Neutral
አሽቃባጭ ነህ መብቱ ነው መናገር አንተ ቀላዋጭ,Negative
"ምን አይነት ፈረስ ነህ,",Negative
በሀገራችን ጉዳይ ሁላችንም ሚና አለን,Positive
ድምጽሽ በጣም ያምራል አንደኛ መሆን ይገባሻል,Positive
ምርጥ ድምፅ ነው በርችልኝ የኔ ፍልቅልቅ,Positive
ሰላም ፍቅር አንድነት ብልፅግና ለውቢቷ ሀገራችን,Positive
ዋዉ በጣም ቆጆ ድምፅ ከሚያምር ሥብዕናጋር,Positive
ኢትዬጵያ ውስጥ ብዙ ውድድር አይቻለው እንዳንቺ ያስደሰተኝ የለም አንደኛ ነሽ ከፀባይ ጋር,Positive
የነገ የከፍተኛ ጀነራል ማዕረግ ተሿሚዎች እንደምትሆኑ ኢትዮጵያ እናንተን ተስፋ ታደርጋለች,Positive
አባቴ በሁሉም ነገር ጠላትን የቀደመ የዘመናችን ጀግናነው,Positive
እሄን ቆሻሻ እስርልን,Negative
ሸንበቆ ቢረዝም ቅል አያንጠለጥልም,Negative
በመከላከያ ሰራዊታቸን እኮራለሁ,Positive
"""መንገዱም አስተሳሰቡም አካኼዱ ሁሉ አዲስ ነው”",Positive
"ለጊዜው ይከብዳል""",Neutral
ደንቆሮ እናት ለልጇ ድንቁርና ታወርሳለች::,Negative
ኢትዮጵያን ለማቆም በዱር በገደሉ በፀሀይ በንፉሱ ነብሳቹን ስጥታችሁ አንድ ሀገራችን ስለምትጠብቁልን የመከላከያ ሰራዊት ሀገር እናመሰግናለን::,Positive
ክብር ላባታችን::,Positive
ተስፋ ሳናቆርጥ ጠንክረን ከሰራን ስኬታማነት አይቀሬ ነዉ,Positive
እምቅ የተፈጥሮ ሐብት፣ ምቹ አየር ንብረት፣ ለም መሬት፣ ሰፊ የውሃ ሃብት፣ የሰው ኃይል አለን። እነዚህን በበቂ ጥቅም ላይ ያልዋሉ ሐብቶችን በማገናኘት ምርታማነትን መጨመር አለብን።,Neutral
አሁን እየታየ ያለውን የዋጋ ንረት በራሳችን ጥረት ወደ ተረጋጋ ሁኔታ መመለስ ከእያንዳንዱ ሰው የሚጠበቅ ሀላፊነት ነው::,Positive
ውሸታም!,Negative
እውነት ነዉ ምርታማነትን ማሳደግ የሁላችንንም የኑሮ እድገት ዪጨምራል።,Positive
ምርታማ መሆን አቅቶን ስንዴ እንድንለምን ያደረገን ምንድነው? የስራ ባህላችን፣ በጥቃቅን አጀንዳዎች ላይ እርስ በእርስ መገፋፋታችንና አለመተማመናችን፣ ያለንን ሀብት በአግባቡ ከተጠቀምንበት ለሁላችንም በቂ እንደሆነ አለመረዳታችን ነው።,Positive
አንበሳዬ በርታ,Neutral
ምንድን ነው ነገሩ ይሄን ተስማምቶ ከወረደ በጣም መጥፎ ነው። ይግል ንብረቱ አረገው እንዴ ሰውዬው,Neutral
በጣም እኮ ያሳዝናል በእውነት እንዴት ያለ የሞራል ዝቅጠት ውስጥ እንደገባን ግን የፊልሙ ርዕስ ምንድን ነው ?,Negative
ፕሬዝዳንት ሀሰን ሼክ ሞሀሙድ በድጋሚ የሶማሊያ ፌደራላዊ ሪፐብሊክ ፕሬዝዳንት ሆነው በመመረጥዎ እንኳን ደስ ያለዎት ለማለት እወዳለሁ።,Positive
አንተ ክብር ለሰው ልጅ ትሰጣለክ እናመሰግናለን።,Positive
ፈጣሪ ለሰው ልጆች ደስታ ሲል የሰጠውን የዒድ በዓል መላው ሕዝበ ሙስሊም በሐሴት ያከብረዋል። ,Positive
ኢትዮጵያ ምንም አላጣችም ግን ስራ ትተው ክፋት እና ምቀኝነትን እንደ አንድ የትምህርት ዲፓርትመንት የሚያጠና በጣሙን በዛ።,Neutral
እኛ ያጣነው የሚበላ ዳቦ እንጂ የሚያስክር ቢራ አይደለም!,Negative
ቢያፍኑህ ጥሩ ነበረ።,Negative
የጀግኖችን አገር ለጀግኖች ለማስረከብ ሌት ከቀን ደክመሀል ፈጣሪ። እድሜና ጤና አብዝቶ ይሰጥልን።,Positive
ቱ ሲሙን ጠራሁ።,Negative
ወደው አይስቁ አለች አያቴ የራሷ እያረረ የሠው ታማስላለች።,Negative
ቀይ መስቀል ይኑርልን፡ የእርዳታ መግብ እየበላን ንዋጋለን።,Negative
ምርጥ ድምፅ፣ ግጥም፣ ዜማ፣ ክሊፕ የምርጦች ምርጥ።,Positive
ይህ ዘፈን አስደናቂ የጥበብ ስራ ነው።,Positive
ፎጋሪ,Negative
ድሮም በአቅ መገድ ላይ ያለ ነገር ፈተናው ብዙ ነው።,Positive
እባካችሁን በተቻለ መጠን እዉነትን ባህል ለማድረግ ሞክሩ ዉሽት አይጠቅማችሁም ምክንያቱም ዉሽት ሁሌም እንደ ፈስ ቦኖ የሚጠፋ እንጂ አንድም ጥቅም አይሰጥም።እናንተ ብቻ ሳትሆኑ አብዛኛዎቹ ሚዲያዎች በዉሸት ተጠምቀዋል ያሳዝናል።,Positive
መልካም ሥራህን ቀጥል፥ ልማትህን ቀጥል። ብዙ በሰራህ ቁጥር ብዙ ተችት፣ብዙ መነቀፍ፣ ብዙ መጠላት፣እንደምደርስብህ አትዘንጋ። ምክንያቱም ብዙ ሰዎች ስትፈርስ እንጂ ስትገነባ ስትወድቅ እንጂ ስትነሳ ደስ አይላቸውም! አንተ ግን እጅህ አይላላ!,Positive
እንዲህ መልማቱን ስንሰማ እኛም ደንግጠናል,Neutral
ውድ ወንድሜ ይሄ የመጀመሪያው ነው ይቀጥላል ! ብዙ ስላም ብዙ እርቅ ይሆናል!,Positive
መልካም ተግባር ነው,Positive
ፍየል ወዲያ ቅዝምዝም ወዲያ::,Neutral
ቀልዲህ አይጠገብም ኮ።,Negative
እዬዬም ሲደላ ነዉ፤ የድሎት ወሬ ትተህ ለሕዝቡ የምግብ ዘይት አቅርብለት።,Negative
እውቀት አርነት ያወጣል።,Positive
መልካም ስራ እና መልካምን ስም ትተው አልፈዋል።,Positive
ኢትዮጵያ ያገለገሏትን ታከብራለች! ታመሰግናለች! ለኢትዮጵያ ሰርቶ መሞት ማረፍ እንጂ መሞት አይደለም!,Positive
ጤነኛ መሳይ እብድ ነው።,Negative
ተስፋ ሰጪ ነው::,Positive
ጥሩ ነው ግን የዚህ አይነት ስራ በሌሎች ክልል ቢተገበር,Positive
ደስ የሚል የምሳ ኘሮግራም!,Positive
በጣም ትልቅ ሰራ ነዉ,Positive
የኋላ ኋላ ጅልነትና ቂልነት የታላቆችን ቤት ያፈረሳል።,Negative
ጽንፈኛ ለኢትዮጵያ ስጋት ናቸው,Neutral
አገር የሚመራው በጥበብ ነው::,Positive
ይተውት እባክዎን።,Neutral
ዶሮን ሲያታሉዋት በመጫኛ ጣሉዋት,Negative
ቱሪናፋ,Negative
በአማካይ አንድ ጌም ላይ አንድ ጎል እናስቆጥራለን,Positive
የስው ልጅ በሙሉ ሁሉም ቆንጆ ነው ፀባያችን እንጂ አልቻል ያለ,Neutral
አርሰናል ጠንካራና ተፎካካሪ ክለብ ሊሆን የሚችለው አሁን ያለውን የወጪ ፖሊሲ ከቀየረ ብቻ ነው ።,Neutral
በተግባር ስሆን ብያንስ ከPositiveNeutral አማት ቦኸለ እነያለን,Positive
የሚበረታታ ሀሳብ ነው ግን ወሬ ሆኖ እንዳይቀር ብቻ።,Positive
እውነት ነው። ውሃብያዎች ለሀገርና ለወገን አይጠቅሙም።,Positive
ሀቅ መቼም ቢሆን ተደፍኖ አይቀርም,Positive
ልጁ ግን የሆነ ቢቸግር ነገር ነዉ,Negative
መልካም ጋብቻ ሙሽሮች,Positive
እንኳን ደስ አለሽ ፈጣሪ ትዳራችሁን የአብርሃምና የሳራ ያርግላችው,Positive
ሰው ራሱ እያየ እስርቤት ይገባል,Neutral
ጀግና ነህ የሀገር ኩራታችን!!,Positive
በጣም ደስ ይላል ሠራዊት ምን ጊዜም ስፓርትእና አካል ብቃት አብሮ ነው በርቱ,Positive
አምላክ በጥበቡ በፍቅሩ ያሳድግልህ,Positive
ልቦናውን ይመልስልህ,Neutral
ዘመንክ የበረከት ነው።ፀጋ ይብዛልክ,Positive
አንተ ሌባ ነህ,Negative
ግን እግዚአብሔር መሀሪና ይቅር ባይ ነዉ,Positive
መታሰርሽ ራሱ ስህተት ነው,Negative
በጣም ተጨንቀን ነበር ባክህ,Positive
አንተ ደነዝ አሺቃባጭ,Negative
በእንቅርት ላይ ጆሮ ደግፍ,Negative
ጭር ሲል አልወድም አልክሳ ።ሰላም ስጠን ኑሮው ይበቃናል,Positive
ከዘር ለቀማ ወታችሁ ስራችሁን ስሩ,Neutral
ክብር ለሚገባዉ ክብር ስጥ,Positive
ቆሻሻ,Negative
ምንድነው የምትቀባጥረው,Negative
ሰው መሆናቸው አፍሪካዊ ኢትዮጰያዊ መሆናቸው ብቻ በቂ ነው፡፡,Positive
በሚገባ፡አነዚህ፡ኩብራን፡መሪዋቻችን፡በትክክል፡አቆምና፡ወርቃማ፡አስተሳሰብ፡ብቆዋችም፡ናቸው።,Positive
ሰገጤ ነገር ነህ::,Negative
መከላከያችን በሁሉም ዘርፍ አኩሪ ነው። አትሌት ወታደር ባንተ እንኳን ደስ አለህ! በታላቅ ዓለም አቀፍ ውድድር ውጤታማ እንደምትሆን ተስፋ አደርጋለሁ።,Positive
ባከተመለት ክልል እና ድርጅት ውስጥ ሆኖ ሹመት ያለውና እብድ ውሻ አንድ ነው!!!,Negative
ኢትዮጵያዊ መልክ ግርማ ሞገስ ያለው ድንቅ መሪ ነው ።,Positive
በተለይ በደቡብ ክልል ያለት አፈፃፀም እጅግ ደካማ ነው።,Positive
እንዳውም የዶ/ር አብይ የለውጥ እንቅስቃሴ ደቡብ ላይ ምንም እየታየ አይደለም!,Neutral
እኛ ለውጥ እምንለው ሽሮ በርበሬ ሽንኩርት ነዳጅ ጤፍ (እንጀራ) የቤት ኪራይ ሲቀንስ ነው ።,Neutral
ንግዱ ዘጭ እንዳለ ነው መርካቶ አቢይን እማያማርር ነጋዴ የለም ንግዱ ሞቷላ።,Neutral
በሀገሪቱ ሲዘዋወር የነበረው ብር የት ገባ ? ከትህነግ ወደ ኦዴፓ? መሸፋፈን የለም ተብለን ግን ብዙ ነገር ተሸፋፍኗል።,Neutral
ከውጭ እርዳታ በገፍ ተገኝቷል ተመልሶ እንደልማዱ ወደ ባለስልጣናት አካውንት ገባ? ካልሆነ ለምን ትንሽ እንኳን ገበያው አይረጋጋም? ,Neutral
ኦህዴድና አቢይ የራሳቸውን የገጽታ ግንባታ ነው የያዙት። ውጭም ሲሄዱ ተግተልትለው ስልጣን ብርቅ እንደሆነባቸው ያስታውቃሉ።,Negative
ቢያንስ ከኦዴፓና ትህነግ መቀላቀል ነበረባቸው,Neutral
ጥሩ ክትትል ነው! ,Neutral
ሙፈርያት ለየትኛውም የሚኒስቴር ማዕረግ ስራ አትመጥንም። ለለውጡም ለህዝብም ታማኝ ያልሆኑ ከመደመር ሂሳብ ይቀነሱ።,Negative
በዩኒቨርሲቲዎች የፓርቲዎች የፖለቲካ ስራ መከልከሉ ጥሩ ነው፡፡ ዋናው እና ለዲሞክራሲም ሆነ ላገሪቷ አደገኛው ከዩንቨርሲቲዎች አካባቢም የበለጠ አደገኛው ሲቪል ሰርቪሱን የተጣባው የኢህአዴግ ስራ ነው፡፡,Neutral
መቶ ከመቶ በሚያስብል ሁኔታ ወያኔ መሩ ኢህአዴግ ያገሪቷን ሲቪል ሰርቪስ አድርጎታል፡፡,Negative
ንጉስ አብይ ምን እናድርግ ብለህ ነው...? ህወሀት 27 አመት ሙሉ ያስተማረችን ስድብ ዘረኝነት ሌብነትና ግብረሰዶምም ሊያስተምሩን ሲጀምሩ ደረስክልን...,Neutral
ንጉስ ሆይ ሺህ አመት ንገስና... ህወሀት ይውደም ኢትዮጵያ ትለምልም,Negative
መጀመርያ አንተ ፅያፍ ቃላቶችን ተማር አንተ ለራስህ ገና ነህ።,Negative
እኔ በመሸታ አልሞትም እያልክ የምታሽሟጥጠዉ እንዴ ሴት እንኳን አያሳፍርህም?,Negative
ሓየሎም አርአያ ለመንካት አስበህ ከሆኔ ሓየሎም አንተ ቀርት ልታሽሟጥጠዉ በአፍህ ለመጥራትም ሞራሉ አይኖርህም ነበር ግን አንተ እኔ ማነኝ ብለህ እራስህን መጠየቅ አትችልበትም።,Negative
አንተ በ44 ኮማንዶ ተከብበህ አንተ የምትገባበት አስቀድሞ ተፈትሾ የምትጓዝ መሪና ምንም ለዉጥ ባልነበረበት አንድ ባለ ስልጣን እንደ አንድ ግለሰብ በሚታይበት ወቅት እንዴት ልታዋዳድረዉ እንዴቻልክ ይገርመኛል።,Negative
አንተ እዉነት እላሃለሁ ጭንቅላትህ አስፍቶ የማሰብና በምናገረዉ ቃላት ሀገር ያፈርሳል ብለህ የማታስብ ፍጡር ነህና ዉሩድ ሳትዋረድ ለአመራር ብቁ አይደለህም።,Negative
መሪዬ ብዬ ስጠራክ ሁሌም በኩራት ነው ❤ ,Positive
ክፉዎችን አትፍራቸው መቼም አያገኙህም ዝም ብለው ነው እንደታሰረ ውሻ የሚጮኹት ስለ ክፉዎች የእግዚአብሔር ቃል በግልፅ ይናገራል,Neutral
"ክፉዎች እንዲህ አይደሉም፥ ነገር ግን ነፋስ ጠርጎ እንደሚወስደው ትቢያ ናቸው።"" ",Neutral
ለዶ/ር አብይ አገር ውስጥ ለምንኖር ሌላ ትረስት ፈንድ አካውንት ይከፈት እኛም የድርሻችንን እንወጣ በቀን Positive ብር አያቅተኝም ከጎንህ ነኝ፡፡,Neutral
የ 2NeutralPositive8 ሙሉውን ከፍያለሁ በ2NeutralPositive9 ደግሞ እከፍላለሁ ቤተሰቦቼንም እንዲከፍሉ አስተባብራለሁ::,Neutral
እናንተ በርቱልን እኛ እግዚአብሔር እንዲያግዛችሁ እንፀልያለን:: እግዚአብሔር ኢትዮጵያን ይባርክ,Positive
አይዞህ እግዚያብሔር ነው የአንተ እረዳት.,Positive
አብቹ አባታችን አንተ እዘዘን እኛ እንቀበላለን። እንኳን ታክስ ሙሉ ደመወዜን እሰጣለው።,Positive
ዲያስፖራዎችም ሀገራችሁን ከወደዳችሁ ተሳተፉ። ሺ ዓመት ንገስልን መሪያችን,Positive
ያምራል ዶ/ር አብይ፡ ይበርቱ፡ መልእክት አለኝ!,Positive
አብይ አየከፈልክልን ላለው መስዋእትነት እግዚአብሔር ይክፈልህ ይደግፍህ በጣም አንወድሀለን በርታ።,Positive
ዶክተር አብይን መውደድ ሀሣቡን መደገፍ ከጤነኛ አይምሮ የሚጠበቅ ነው እንወድካለን እናከብርካለን አብያችን ።,Positive
ኢትዮጵያን እግዛብሄር ይባርክ,Positive
ለመውጋት መነሳት ድፈን የኢትዮጵያ ህዝብ መውጋት ነው ።,Positive
ኣነግ እና ወያኔዋች ጌታ ይፍረድባቹህ ዶ/ር አብይን ታላቁ መሪያችንን የሚተች ዘርፎዋል ፣ ገሎዋል ፣ በገልፅ ዘረኛ ጎጠኛ ነው ።,Positive
ኢትዮጵያዊ መልክ ግርማ ሞገስ ያለው ድንቅ መሪ ነው ።,Positive
አሁንም እፀልያለሁ የኢትዮጵያን በረከት፣ ሠላምና ብልፅግና ቀስፎ የያዘው በአገራችን ባንዲራ ላይ፣ በፓስፖርታችን ላይ እንዲሁም በፌደራል መስሪያ ቤቶች ሄድድ ፔፐር ላይ ያለው የ 666 ምልክት በጌታ በእየሱስ ክርስቶስ ሥም የፈረሠ ይሁን። አሜን!!!,Neutral
የኔ ጠ/ሚ የኔ ዉድ መሪያችን ለኢትዮጵያ ለውጥ ያለእረፍት የሚደክም ምርጥ መሪያችን እግዚአብሔር መርጦ የሰጠን እሳሳልሀለሁ,Positive
እስኪ እኔም የPositiveNeutralNeutral ቀን ስራ አፈፃፀሜን ልገምግም ብዬ ተነሳው ግን ምን ዋጋ አለው ወፍ የለም ዲያጎናል ላይ ነኝ ክቡር ጠቅላይ ሚኒስተር ትንሽ ምክር እና ስልጠና ቢጤ ቢለግሱኝ,Positive
በPositiveNeutralNeutral ቀናት ውስጥ የተገኙ ተጨባጭ ውጤቶች ለይ ብታኮር እና ብተገበር፣ የተሻለ እና ተጨባጭ ውጤት ያስመዘገቡ መሥሪያ ቤቶች እውቅና ብሰጥ።,Positive
ከሚጠበቀው በታች ያሉ መሥሪያ ቤቶች ደግሞ አስፈላጊ እገዛና ማስተካከያ ብደረግ። ውጤቱ ለሕዝብ ይፋ ብሆን።,Positive
አንተን አይነት መሪ በማየቴ አምላኬ ይባረክ!!!!,Positive
አብይ አሁንም ቢሆን አብይ ምርጫችን ጥንቃቄ በደረግበት መልካም ነው!!! ይቅርታ ነው!! ሰላም!!,Positive
ወር ሙሉ አንድየ የቀን ጅብ ሌላ ጊዜ ሌቦች፣ ፀጉር ልውጦች፣ ሰው ከእስር ሲፈታ አይናችሁ የሚቀላ፣ ለውጥ አደናቃፊዎች በማለት ተሳድቦ የጠገበ አብይ አህመድ አትስደቡኝ አለ! ዋ! እኛም 9 ወር ይሙላን!,Neutral
የቀን ጅብ ፣ ኣንበጣዎች ፣ ለንፁ ሰው ሌቦች ፣ ቆመ ቀረቦች ወዘተ እያለ ማነው የዘፈናቸው ? እንድያው አንተ የሰው ክብር ታውቃለህ እንዴ? ከጠቅላይ ሚንስቴር ነኝ ከሚል ሰው ይቅር እና እንደ ማንኛውም ሰው የስው ክብር አታውቅም ።,Negative
ክቡር ጠቅላይ ሚኒስቴር ምነው የትግራይን ህዝብ ሰድበው ጨረሱ እንዴ?ባይሆን እኔም ተሳስቼ ነበር እና ብለው ኣርኣያ ይሁኑ ወይስ ጩሀቴን ቀሙኝ ነው ጉዳዩ?,Neutral
የትግራይ ህዝብ የቀን ጅብ ብሎ አብይ አልተናገረም የትግራይ ህዝብን እየሠደባችሁ ያላችሁት ድሮም አሁንም በስሙ እየነገዳችሁ ያላችሁ በስርአቱ ስትጠቀሙ የነበራችሁ ቡድኖች ናችሁ።,Negative
54ኣሁን ገባህ የዘለፋን ትርጉም?! እኛ ተጋሩን በጋጠ-ወጥ ቃላቶችህ የወረደብን ጥቃት ለግዜዉም ቢሆን ጎድቶን ነበር... ዋጋም ኣስከፍሎናል! ኣሁን ያንተ ማስፈራራት የሚያመጣው ለዉጥ የለም።,Negative
"የቀን ጅቦች"" የሚል የራሱ ብራንድ የሆነ ስድብ ጨምሮ መዓት ስድቦች በ8 ወራት ዉስጥ ያስተማራቸው ሰው፡ አሁን ተገልብጦስድብ፡ ፀያፍ አገላለፅ ስህተት ነው"" እያላቸው ነው። ",Neutral
አብይ ሀቅ ተናገረ እንጂ አላስፈራራም እንደማየው ከሆነ ሌቦችን ግን አስቆጥቷል ትምከተኛ ጠባብ አሸባሪ ወዘተ እያሉ ታፔላ ለጥፈው ሲመሩ የነበሩ እረ ሼም ነው ላሽ በሉ አሁን ለምን ሌብነታችን ታወቀ ነው በጣም ተንጫጫችሁ!!!,Neutral
ክቡር ጠቅላይ ሚኒስትር አብይ አህመድ ይህ መንግስት ቀድሞ ከነበረው መንግስት የተለየ የኢኮኖሚ ፖሊሲ አላቀረበም::,Positive
መንግስት ከታክስ ከሚገኝ ወጪ አልፎ የግለሰቦችን እርሻና ቤት ሽጦ እራሱን ሲያስተዳድር የሀራጅ ሽያጭ መንግስት ሆኗል::,Negative
ካለፋት 27 አመታት ጀምሮ ሲካሄድ የነበረው በመንግስት መሪነት የለም መሬትን ቅሚያ ማዕከል ያደረገ ህጋዊነትና ቅጥያጣ የከተማ እድገት ፌዴራሊዝሙን ያፈረሰ ግንኙነት ነው::,Neutral
በዚሁ ሂደት በህዝብ ላይ የዘር ማጥፋት ወንጀል ፈፅሟል:: በፈጣን ብልፅግና ህልም ህዝብና ሀገር ህግ አልባ ዝርፊያና ምዝበራ ውስጥ ተዘፍቋል::,Neutral
ከዚህ አረንቋ መውጣት ስር ነቀል የሆነ የባለሀብትነት ህግጋትን ማወጅና በስራ ላይ ማዋል ይጠይቃል::,Positive
በደርግ መጀመርያው አመታት መሬት ላራሹ አዋጅ ወደ እኩልነት ያመራን ማህበረሰብ ወደ ሁዋላ መልሶ በዘመናት የድህነት ማቅ ውስጥ የከተተን የኢህአዴግን የኢኮኖሚ ኪሳራ በግዜ ይቀይሩ::,Positive
ይህ ትልቅ ስራና ታላቅ ጀግንነት ከተጎዳው ማህበረሰብ ጋር መመካከርን / ማድመጥን ይጠይቃል::,Positive
ይህን ሳያደርጉ ስለ ነፃ ምርጫ ማሰብ ታጥቦ ጭቃ ይሆናል::,Positive
የፈረንሳይ ህዝብ ነፃ ምርጫ አድርጋ የመረጠው መንግስት በኢኮኖሚ ምክንያት ታሪካዊና ትልቅ ተቃውሞ ውስጥ እንዳለፈ ማየቱ በቂ ነው:: ,Positive
ልክ ነው ከስድብ ኪሳራ እንጂ ትርፍ የለውም።,Positive
የቀን ጀብ የምለው ስድም ስንት ንፁሃን ዜጎች ዋጋ አስከፍለዋል፤  ,Neutral
እግዚአብሔር ይጠብቅህ ብዙ ተስፍ አለን አብቹ አይዛህ !!,Positive
መዋደድ መተሳሰብ አይከፈልበትም ይከፈለዋል እንጅ።,Positive
 አቦ አንትሽ ተመቸሽኝ አንድ ጃምቦ ልልቀቅብሽ ,Positive
የኔ ቆንጆ ሰላም ዋይልኝ። ውድ አደርግሻለሁ እሽ። ,Positive
የት ሄጄ እንዳከበርከኝ እግዜር ያክብርልኝ,Positive
የተጠቃሚስም እሱዋን ደስ ያሰኛት እንጂ…ኸረ አይደለም ስንኝ መጨር መድብል አሳትምላታለ,Positive
የተጠቃሚስም አሜን አሜን ለሁላችንም,Neutral
በጣም አስቂኝ በድብቅ ካሜራ የተቀረጸ ሰዎች ብቻቸውን ሲሆኑ የሚያሳዩዋቸው አስገራሚ ባህርያቶችን ,Neutral
እስቲ መልካም ቀን ፤ በረጅሙ በራሴ ልሳቅ,Positive
ለጀግናዋ እየሩሳሌም ተስፋው እንግዳ ታደሰ,Positive
እንኳ ለጌታችን ለመድኃኒታችን ለየሱስ ክርስቶ የዕርገት በአል አደረሳችሁ አደረሰን,Positive
በቃና ቲቪ ተወዳጅ ስለሆነው,Positive
ፌደራል መንግስት አጠቃላይ በጀት ከ ከነበረት ቢሊዮን ብር በ ወደ ቢሊዮን ብር በማደግ ከ በላይ ጭማሪ አሳይቷል።,Positive
የተጠቃሚስም ክብሩ ይስፍ ለመድሀኒአለም በጣም ሰላምነኝ,Positive
ክብር ለስምህ ይሁን,Positive
የተጠቃሚስም የቀድሞውን ታላቁን መሪ ቃል ገልጸው ስለፈቀዱልን እናመሠግናለን፡፡,Positive
ከለመንኩህ ይልቅ ያደረክልኝ በዝቷልና ተመስገን,Positive
ዲሞክራሲ ሒደት ነው አንድ ቦታና የሆነ ጊዜ የሚጠናቀቅ ፕሮጀክት አይደለም ከዜጎች የአስተሳሰብ ልዕና፣ ልዩነቶችን በክርና በላቀ ሃሳብ ከማሸነፍ ጋር ይያዛል።,Neutral
ያረቢ ዛሬ ጁማአ ነው አላህ የምኞትህ ይሙላልህ ባንተ ላይ ሸር የሚያስቡት አላህ ደግ ደጉን እንዲያዩ ያድርጋቸው,Positive
ጅብ እያልክ ሀገር ሻጭ,Negative
በለጠ ደራሮ ስለፈታህ ቡታጅራ ሚበጠበጥ ከመሰለህ ዳግም ደንቆሮ ነህ!!,Negative
እኛ ፈቺው እስኪታሰር ትዕግስታችን የላቀ ነው!! ቀድሞውንም እኮ ፈቺው/አስፈቺው እስካልታሰረ ማንም ቢታሰር ሰላም አይመጣም ብለን ነበር!! ,Neutral
መረጨት ያለበትን እስካላስረጨሽ ስታስረጪ ትኖሪያለሽ ውሸትን አንግባችሁ ብትገጥሙንም እውነት ስለያዝን እንደምንረታችሁ ከምንም በላይ እርግጠኞች ነን!!,Negative
ባከተመለት ክልል እና ድርጅት ውስጥ ሆኖ ሹመት ያለውና እብድ ውሻ አንድ ነው!!!,Negative
የኦሮሞ ህዝብ መኩራት ካለበት በታከለ ኡማ ነው መኩራት ያለበት እንኳን እናንተ እኛን ተጋሩም አስጨብጭቦናል የእውነት የስራ ሰው ነው ይገባዋል,Positive
ከኦሮሞ ባለስልጣናት ለእኔ ታኬ Positiveኛ ነው,Positive
ያለምዬ የኔ ቆኖጆ ሴት,Positive
ምርጥ ሰው,Positive
ለ ታኬ ያንስበታል!,Positive
ይገባዋል ታኬ ምርጥ ሰው፡,Positive
እሰከሁን ከነበሩት የአ/አ ከንቲባ ሥራ እየሠራ ያለ ምርጥ ኢትዮጲያዊ,Positive
ይገበዋል የኛ ጀግና!! እንደዚህ የሚታይ ስራ ብናከናወን ሀገራች የት በደረሰች ነበር!!!!,Positive
ጀግናው ታኬ በርታ ከስው ሳይሆን ከፈጣሪ ታገኘዋለክ የስንቱን ምስኪን እናት እባ አብሰሀል ፈጣሪ ካተጋ ይሁን,Positive
የንስበተል እንጅ አይበዘትም መጀመርየ አከበብ እኔ ታከለን እንዴነ ጅዋር መስሎኝ ስጠለው አሁን ግን ውስጤነው,Positive
ይገባዋል የኔ አንደኛ,
አይይይይይ እስክንድርን ሊያሳብዱት ነዉለእስክንድርም ራሱ ያደራጃቸዉ ሳተናዉ የሚባል የአደገኛ ወመኔዎች ቡድን ለምን ሽልማት አያዘጋጅለትም?!?,Neutral
ታኬ እንኩዋን ደስ አለህ ይገባሀል በዚህ አግጣሚ እጣ የወጣልንን ኮንደምንየም አዋውሉን,Positive
የተቋማት ሥያሜና አሰራሮች ዘመኑን ወይንም የሕዝቡን ጥያቄ ያገናዘቡ ሆነው መደራጀቱ በእጅጉ የሚያረካ ነው።,Neutral
አምሮብሀል ሸበላዬ,Positive
እንኳን ለዚህ አበቃህ ገና ታሪክ ትሰራለህ በርታልን,Positive
አብቹ በርታ አንተ እኮ የዓለመችን ምርጡ አመራር ነህ!!!!,Positive
ምርጡ መሪዬ ሺ አመት ንገስ ደስ ብሎኛል,Positive
የኔ ትሁት መሪ በርታ ሁሉም መልካም ይሆናል አንተን የሚቃወሙ ዘረኛ ወይም ሌባ ነው ኢትዮጲያችን ትበለፅጋለች,Positive
ክቡር ጠቅላይ ሚኒስተራችን ፡እናከብራለን፡እንወዳለን፡ ከዚህ ውጪ የተሻለሁ አማራጭ የለም፡የሚያዋጣን አንድ መሆን ብቻ ነው። አዎ የተበታተነ ጉልበት መሰብሰብ አለብን፡ ሰብስበን በቅርቡ ወደ ከፍታ እንወጣለን፡ ሁልግዜም ከጎንህ ነን፡,Positive
እንካን ደስ አለክ እኔ ካንተ ጋር ነኝ,Positive
የኔ ጀግና እ/ር ከክፉ ይጠብቅህ አንተ ከልብህ እየሠራህ ነው ለአንዳንዶች አልመሥል ብሎ እንጂ,Positive
ጀግናችን ፤ እናመሰግናለን !!!,Positive
ጀግናነህ ተሳክቶልሃል በርታ ገና ቡዙ እንጠብቃለን,Positive
ክቡር ም/ ጠ/ ሚንስትር አቶ ደመቀ መኮንን ስኬት እና ረጅም እድሜ ነው ለእናንተ ፀሎቴ,Positive
ጀግናዬ በርታ ውለታህን አንረሳውም,Positive
ደሜዋ ሁሌም ኑርልን,Positive
የኛ ጀግና ,Positive
ዝምተኛው ጀግና,Positive
ጎበዝ ጀግና የለውጡ ሞተር አቶ ደመቀ እናከብረዋለን.,Positive
ጨዋ ሰዉ እግዚአብሔር ይባርኮት,Positive
ደሜ ጀግናው በርታ,Positive
ደመቀ ምርጥ ሰው,Positive
አጎቴ ደሜ ጀግናው,Positive
ጀግናውውው ሰራህላትት ህውሀት ጥንቸልዋን,Neutral
ደሜ ጀግና ምርጥ ፓለቲከኛ ጀግና የህዋሃት መዳሀኒት,Positive
በሳልና እና የተረጋጋ ውድ መሪያችን ።,Positive
አቶ ደመቀ አንዱ የለዉጡ ሐዋሪያ።,Positive
ደመቀ ጀግና የኢትዮጵያ ልጅነህ,Positive
ምርጥ ሠው ነው ደመቀ ወሬ አይወድም ማንም ጠቅላይ ሚኒሥቴር ያለሡ አይሆንላቸውም,Positive
አጃኢብ ነው ኢንጃነር በእውነት ይሔ የርሶ ሀሳብ ከሆነ እስከዛሬ የት ነበሩ??,Positive
እግዚአብሔር ይባርክህ,Positive
ድንቅ ሥራ ነዉ! ታኬ,Positive
ጀግና መሪ በረታ በጣም ደስ ይላል ሁለ ጊዜ አዲስ ሀሳብ አዲስ ራዕይ፡፡,Positive
በርታልን 'ታኬ',Positive
ታኬ ሀቢቢ በርታ,
ታኬ ጀግናው በርታልን በጣም አሪፍ የስራ ፈጠራ ነው,Positive
መልካም ሥራ በርታልን ታኬ ጀግናው,Positive
ዋው ዘመንህ ይባረክ ተባረክ,Positive
ቃል የለንም አቶ ታከለ ታስፈልገናለህ አንተ የፖለቲካ ሰው አይደለህም አንተ የድሀ አባት ነህ በእኔ አስተያየት የሚተካህ ኖሮም አያውቅም አይመጣምም በርታ ለሀገር ታሪክ ስራና እለፍ መቼም ማለፍ አይቀርም አንዳንድ ያልገባቸው ቢተቹህ የገባቸውን ብዛት አስብ እነሱም ይገባቸዋል,Positive
እጅ ነስተናል ኢንጅነር ታከለ ኡማ እንዳንተ አይነቱን ያብዛልን,Positive
ደስ ይለል አገሪቱ የምትፈልገው እንዲህ አይነት ጀግኖችን ነው ፤እግዚአብሔር ይበርካው።,Positive
ኢ/ር ማለት እንደዚ ነዉ ይመችህ,Positive
ታኬ በርታልን በስራ ማሳየት ማለት ይሄ ነው አትችልም ላሉክ ሁሉ,Positive
ታታሪ መሪ ፈጠር ዕድሜ ይስጥህ።,Positive
ታኬ በርታ ባለውለታዬ መቼም አንረሳህም,Positive
እግዚአብሔር እድሜና ጤና ይስጥህ ታኬ ምርጥ ሰው,Positive
እድሜና ጤና ይስጥልን ታኬ ኬኛ እናመሰግናለን,Positive
አንተን አለመውደድ አይቻልም ረጅም እድሜና ጤና ለከንቲባችን,Positive
ታኬ ምርጥ የ ዓመቱ መሪ,Positive
በጣም ጥሩ ነው በርታ ታከለ,Positive
በርታ የኔ ጀግና ጥሩ ስራ ነው።,Positive
በጣም ጎበዝ እድሜና ጤና ይስጥክ,Positive
በርታ በጣም ጎበዝ,Positive
ድል ለእናት አገሬ ኢትዮጺዬ,Positive
ውብ ሀገር!! ውብ ሕዝብ!! ውብ ባህል!! ዋው ደስ ስል!!ሠላምና ፍቅር ለሀገራችን ፤ እግዚአብሔር ኢትዮጵያና ሕዝቦቿን ይባርክ!!! አሜን!!!!!,Positive
አቢቹ! ብራቮ! በርታ ::,Positive
ደፂ አባቴ ዉስጤ ነህ,Positive
ኑርልን የኛ ጀግና,Positive
ኬርያ ኢብራሂም ፡ የኛ ጀግና,Positive
እከካም በየ ቦታው የወደቀዉ ተማሪማ አይታይም,Negative
መልካም ስራ! መልካም ተሞክሮ! ,Positive
ከዚህ ለፍቶ አዳሪ ህዝብ መፈጠር መታደል ነው።,Positive
አሸባሪ ሚዳዎች ጥቁር መዝገብ,Negative
ይህ የሚደነቅ ተግባር ነወ,Positive
የኔ ምርጥ ናችሁ እሽ ቀጥሉበት,Positive
ልባም አንበሳ ነሽ በርቺ ለእኛ ለሴቶች ትልቅ አርአያ ትሆኛለሽ እግዚያብሔርም ይርዳሽ,Positive
እናመሰግኖታለ የኢት ኩራት,Positive
ክቡር የኢት/ያ ኩራት ጀግና፡የተረጋጋ፡ሀቀኛ፡ከሩ፡ባለወጥ አቋም፡የእውቀት አባት፡ለግዋደኛ ና ህዝብ የሚሞት በአጠቃላይ ለመግለፅ ቃላት የሚያጥረኝ አቶ ገዱ አንድአርጋቸው የተናገሩትን ሁሉም ባለድርሻ ፍፁም በማመን ወደ ተግባር መግባት አለበት የሚል እምነት አለኝ፡፡,Positive
ማሸአለህ አለህ ይጨምረለቹ,Positive
እንድህ ነው ታመር መላት ታምሮ ምያስታምር ባርቱ ወራቤ ላሁሉም ትምህርት ነው ቃጥሉባት,Positive
በጣም ደስ የሚል ስራ ማሻአላህ,Positive
ጎበዞች ተባረኩ እንዲህ ነው የሚምርባቹ ,Positive
ሺህ ዓመት ንገስ,Positive
ምርጥ ና ምርጡ መሪያችን,Positive
ብራቮ,Positive
ጀግና የጀግና ዘር,Positive
እኛም ከሰው ሀገር ተርታ ልንሰለፉ ነዉ ማለት ነው ለልጀቻችን መጫወቻ ቦታ ለኛም ንፁህ ሀየር እየሳብን መንፈሳችን የምናድስበት እግዚአብሔር አምላክ እድሜና ጤና ይስጥህ,Positive
ሳንጅዬ ውስጤ ነው፤ይገባዋል።,Positive
ዋው በጣም ደሰ ይላል ,Positive
ዉዉዋ ሳንጅዬ ጀግና የኢትዬጵያ ኣርማ እንኳን ደስስስስስስስስስ ኣለን PositiveNeutralNeutral% ይገቧል 7Neutral.,Positive
መቶ ሚሊዮን ጊዜ መርጬካለው,Positive
ይሄ ስራ በጣም በጣም የሚያኮራ ነው::,Positive
እናመሰግናለን ምርጡ መሪያችን,Positive
ሺ አመት ንገስ ከ ክፉ ነገር ሁሉ ይጠብቅህ,Positive
አቢቹ ጀግና እኮ ነህ ,Positive
ጎበዝ አብያችን,Positive
የሰለጠነ መሪ አያሳጣን! አሜን በሉ:: :) አብቹ በአንተ ዘመን በመገኘቴ እድለኛ ነኝ:: ክስተት ነህ!,Positive
አንተ ንጉስ ነህ ሁሌ ንገስ አላህ ሂዳ ይሰጥህ,Positive
አብቹ የአይኔ ብሌን ነክ ኩራታችን,Positive
አብቹየኛጀግናአላህይጠብቅህ,Positive
ይሄን ሰው አላመድነቅ አይቻልም ረጅም እድሜ ና ጤና ተመኞውልህ ከንቲባዬ,Positive
ጀግኖች ዕደዚነው,Positive
ከንቲባችንን ክፉ አይንካብን,Positive
ሞዴል ከንቲባችን ነህ,Positive
ታኬ የአብቹን መልካም ገፀባህር የወረስክ መልካም ከኒቲባ ጎበዝ በርታ ..!!!,Positive
ይሄ ነው ከንቲባዬ፡፡,Positive
ተባረክ! እውነተኛ የደሀ አባት ነህ,Positive
ተማሪውቹ ሲያምሩ ኦፍፍፍፍ ። ታኬ የኔ እንደኛ ።,Positive
አራደው ታኬ,Positive
አውንም ነገም እጅክ እጅክ እናመሰግናለን ኢንጅነር ታከለ :!! ለሰሩት መልካም ነገር እገዛብሄር ይክፈል ኢትዮጵያ እንዳንቱ መልካም ቅን አሳቢ ያብዛልን ።,Neutral
የሰዉ ልጅ ስራ ይሰራል የሰዉ ልጅ ያልሆነ የሚሰራዉን ይዘልፈዋል ኢንጂነር ታኬ ሁሌም ለ ሸገር የሚተጋ ድንቅ ከንቲባ !!,Positive
ጀግና ! ጀግና ! በሚታይ ስራ ነው የምናምነው እኛ እንደዚ ።,Positive
ጀግና ነኪ በርታ,Positive
ኢ/ ታኬ እንዲህ ያሉ ተግባህርን እንዴት እንደምወደው እንደማከብረው !።,Positive
ስለአንተ ስሰማ ስለአንተ ሳነብ ከጀርባ ብዙ መቶ ሺህ ህጻናት ይታዩኛል ከዛም ዓይኔ በደስታ እምባ ያቀራል።,Neutral
የምንግዜ ምርጥ መሪ ታኬ መኛ የለውጥ አመረር,Positive
ታኬ የስራ ሰው በርታልን ።,Positive
ከልብ ለገሩ የሚሰራ ሙሁር እንጂነር ታከለ ብቻነው,Positive
ምርጥ ሠው,Positive
በወርቅ የምፃፍ ታሪክ ሰርተሃልና ልትኮራ ይገባል።,Positive
ክቢእሪ ለታከለ ሁማ እዲሜና ጤና እሲጥ ወዲሜ,Positive
ተኬ ከልቡ መሪ ነው ,Positive
በወሬ ሳይሆን በስራ ያስመሰከረ የዘመናችን ምርጡ ከንቲባ! ታኬ ክበርልኝ,Positive
ሀይሌ ሲፎግረን ነው ይቻላል ያለን… የማንችላቸው ፣ የኛ ያልሆኑ ብዙ ነገሮች እንዳሉ ማመን አለብን። እሱ ራሱ ፖለቲካውን መች ቻለው። አይ የምትለኝ እንደሆን በርታ ፈጣሪህን እያማረርክ ትኖራታለህ። ,Neutral
መድረክ በኛ ጠቅላ ጉባዔው ኢሕአዴግ አገሪቱን እየመራ ያለው በማን አለብኝነትና በጉልበት አለ,Neutral
በኤኢሳ ዋን ላይ መሳተፍ በወገናችን እልቂት መቀለድ ነው ኢትዮጵያዊ ክብርና ሞገሳችን ገፈው ህዝባችን ጥሪቱን አሟጠው በንቀት እየተጫወቱ ያሉት ,
አለመግባቱን ከመራጮቹ እና ከመስፈርቱ ሆኖ ሳለ ከአትሌቶቹ ጋር በጋራ መግለጫ እንዲሰጥ ማድረግ በአትሌቶች መኸል ቅራኔ በመፍጠር ራስን ለማሸሽ በፌዴሬሽን በኩል የተሸረበች ሴራ ነች፡ ,Positive
መቀለሰላማዊሰልፍ በመጪው ዕድላችን ቁማር በሚጫወቱ ፀረህዝብ ሃይሎች ሴራ አንምበረከክም ,Neutral
መኖር ግን እንዴት ይሰለቻል ,Neutral
አዲስ አበባ ለመጀሪያ ጊዜ ወደ አፍሪካ ዋንጫ የተቀላለችው ጊኒቢሳው ያልተገባ ተጨዋች አሰልፋለች በማለት ክስ ቀርቦባታል። ,Positive
ጓደኞቼ ግን በጣም ታዘብኳችሁ አንድ ሰው እንኮ ፍጡር ዛሬ ከኔ ጋር ናችሁ የሚል ይጠፋል ,Neutral
ጎንደር በወያኔና በሕዝቡ መካከል ውጥረቱ አሁንም ቀጥሏል፥ ደቡብ ጎንደር ደብረታቦርና ጋይንት ጉና ዓካባቢ የሰነበተው ጦርነት,Neutral
እጃቸው በደም የጨቀየ ወንጀለኞች ሲኮበልሉ ዝም ብሎ መመልከት አሳፋሪ ግዑዝነት ነው። ያልፈረማችሁ ፈርሙ ፤ የፈረማችሁ ላልፈረሙ አሳውቁ ,Negative
“በእስር ቤት የደረሰብኝ ግፍ ከባድ ነው… ጤናዬን ለመለስ ለተደረገልኝ ሁሉ አመሰግናለሁ የሃብታሙ አያሌው ልብ የሚነካ,Neutral
አትሌቶች በአዲስ አበባ ስታዲዮም ተቃውሟቸውን አሰሙ የኢትዮጵያ አትሌቲክስ አደጋ ላይ ነው ,Negative
የማያውቁ የተሰባቡበት ፓርላማ አፋኙን የኮምፒውተር ወንጀል አዋጅ ዛሬ ያፀድቃል። ተጨማሪ አፈና አዲስ በሚመስል ስክሪፕት።,Neutral
ደርግ መልሶ በኢትዮጵያ እያቆጠ ነው… ሜዤር ጀነራል አበ ተሀይማኖት ጆቤ ` ይህቺ ሐገር ግን ወዴት እየሄደች ነው አቶ ገብረዋህድ ,Negative
የፈተናው ግዜ እንደገና ተራዝሟል። መንግሥትን አድምጥ ብላ መክራ ነበር።,Positive
ፌስቡክ ላይ ድንጋይ መወር ቢኖር ኖሮ ዛሬ ፌቡ በደም ተጨማልቃ ትውል ነበር አላውቅ ከትላንቱ የስታዲየም ድባብ በላይ ዛሬ ፌስቡክ ላይ ያየዋቸው አንድ ሁለቶች ይበልጥ ዩአርኤል,Neutral
ምርጥ አጠር ያለች አስገራሚ ታሪክ ከደራሲ በእውቀቱ ስዩም የሴት ጡት እንደሚያሻፍደው በግልፅ ያጫውተናል። ,Positive
ሁላችንም ነጻ ካልወጣን ማንም ነጻ አይወጣም ስለምትለው ዘፈን ይቺ ዘፈን አስቂኝ ዘፈን ነች። ይዘቷና ዘፈኗ የምትዘፈንበት አውድ ደግሞ ይበልጥ አስቂኝ ያደርጋታል። ,Neutral
የተጠቃሚስም ሀሀ ሞጃ ማለት ዲታ ማለት ነው ,Negative
ታዋቂው ደራሲና ጋዜጠኛ ተስፋዬ ገብረአብ የሆነ ጊዜ ስለ ሞጃ ልጆች የሆነ ነገር ፅፎ ነበር። ስፈልጋት ፔጇ የለችም,Neutral
የወያኔ ካድሬ ቄሶች በእየሩሳሌም ሀዘን ላይ ተቀምጠዋል ከአመት በፊት በሊቢያ በታረዱት ወገኖቻችን ስም እየሩሳሌም በሚገኘው ኪዳነምህረት ገዳም የወያኔው,Negative
የተጠቃሚስም ጌታ ይባርክህ ,Positive
ለመዝናኛ አዳም እና ሔዋን ያልነበራቸው የተቀረው የሰው ልጅ ያለው ምንድ ነው እስቲ ገምቱ ,Neutral
ዘንድሮ ህወሓትና ካድሬዎቻቸው እንዲሁም ሚዲያው ቅጥ ያጣ ውሸት በውሸት ሆኑ,Negative
ቃና ቲቪ የረቀ የሰይጣን ስራ ነው ተብሏል ዛራና ቻንድራን የምታይ ሁላ አለቀልሽ ,Negative
በኒ አደም፡ ገንዘብ ሲያጣ ገንዘብ ሲያገኝ ደግሞ,Neutral
ፈታ በሉ ትንሽ,Positive
የቀድሞ የኦሮሚያ ክል ግብርና ቢሮ ኃላፊ አቶ ዘላለም ጀማነህ በሙስና ተጠርጥረው በቁጥር ስር ዋሉ,Positive
 ዋናው ሀሳቡ ነው፡ አንቺ ግን ይሄ ፀረሄትሮሴክሽዋል ጋብቻ አጀንዳሽን አቁሚ፡ ላስት ታይም ዊሜን ሴክሽዋል አትራክሽን ቱ ሜን ኢዝ ኖት ናቹራል የሚል ፕሮፖጋንዳ ስታሰራጪ ነበር፡ ,Negative
 ህም ይሄ የቆሞ ቀሮች ወሬ ነው፡ ዝም በሉ ልጆች አግቡ ውለዱ ብዙ ተባዙ ምድርንም ሙሉ፡,Negative
 የውሸት አቅርቦትህ ስንት በመቶ ቢያድግ ነው,Negative
በህጋዊ መንገድ መብትህን ለማስከበር ጥያቄዎችን ስታቀርብለት አሸባሪ እያለ የሚያባርህን፣ የሚያዋክብህን፣ የሚያስርህንና የሚገልህን መንግስት ተብዬ የማፊያ ቡድን በሌላ መንገድ መታገልህ ልክ አይደለም።,Neutral
የተጠቃሚስም ትክለኛው ቁጥር አይደለም። የሰሜን አፍሪካ ሃገሮችን መቀነስ አለብህ,Positive
ይዳያስፖራ ትግል አመት ሙሉ በውስኪ ደጋፊነት በአሜርካ ውስጥ ትልቅ ንቅናቄ እያድረገ ነው፤ ,Negative
አንዱ ምን አለ ነፍ ፅሁፎች ነበሩኝ በአዲሱ የኮንጲውጠር ህግ ምክንያት ልስታቸው አለመቻሌ የሚያስቆጭ ነው እኔም አልኩ የማንበብ አምሮቴ ደብል ዲጂት ስኮር የሚያደርገው መብራት ስትጠፋ ነው,Negative
አሹቁን ሲያወልቅ ይዟት ውልቅ,Negative
የማያስከ ግጥም ጥላሁን ዛጋ እንዴት ናችሁ ወዳጆች ሰሞኑን በወጣው የኮምፒውተር ህግ ሳቢያ የማያስከ ጽሁፍ ሳሰላስል ቆይቼ ይህቺን ዩአርኤል,Neutral
ፋና እና ሶስቱ ሆስፒታሎች,Positive
ከአስር ዜሮ ያላገኘ እኮ አይቀጠርም በዘመነ ኢህአዴግ ወይ ደሞ ለተጠየከው ጥያቄ የማይዛመድ መልስ መስጠት አለብህ ,Positive
አንዳዴ ሳያስቡት መመሳሰል ሊፈጠር ይችላል አዲስ ዘመን ጋዜጣ ግንቦት ሪፖርተ ጋዜጣ ሰኔ ,Neutral
ለኢሳያስ ወገባቸውን ይዘው ሚከራሩ አንዳድ የሰባዊ መብት ተንቆርቁዋሪ ነን ተብይ መርቲ ጣሳ ቆርሮዎች ሳውዲንና ሌሎች ቲዮክራቲክ ስቴት ክሪቲክስ ናቸው። ያልበላችሁን ለምን ታካላቹ ፎከታሞች ,Negative
 ምን በወጣሽ ከአንቺ በፊት ስንት እግር ከወርች መጠፍነግ እያለበት ,Negative
 ተውንጂ አንትሽምነው እዚህ በየአንድ ፌርማታው ማረፊያ እና መመሰጫ ሽንት ቤቶች ተሰርተውልን የመንግስታችን ውለታማ አፈር አታብላው,Negative
ኩሽ የሚባል ህፃን ሆነን የዱርዬ የሚመስለን ጨዋታ አሁንም እዚህ ከተማ ውስጥ መመልከት ብርቅ ነው መቼም። አ በቅርስነት ብትይዘው አሪፍ ነው ,Negative
ይመቻችሁ አቦ ,Positive
እንዲህ አቡክቶ እሚያበላ ባል ይስጣችሁ,Positive
ህልምና እንግሊዝኛ እንደ ፈቺዉ ነው እስኪ እናንተም ፍቱት ,Neutral
መንገድ ስለሚመረቅ፣ መንገድ ተዘግቷል ልማት ወያኔ ስታይል,Negative
ሞዴል አርሷደር ጠቅላይ ሚኒስትር መለስ ዜናዊ እኝህ ነበሩ,Positive
የቅድስ ጊዮርጊስ ደጋፊዎች በቃኝ እያሉ ማስቀጠላቸው በአቶ አብነት ላይ እንዳሟረቱ ነው የተሰማኝ ለማንኛውም,Neutral
ባይ ዘ ዌይ፣ ሳሚ ማኛ ታስሮ ሸዋ ሮቢት እንደነበር አንድ ተመላሉ ተመላሽ ታሳሪ አጫውቶኛል።,Negative
 ዲፕሎማሲ ቀሽማችሁ እኮ ነው ,Negative
ራስ ዳርጌ ሣህለ ሥላሴ የሸዋው ንጉሥ ሣህለ ሥላሴ ልጅና የ ንጉሥ ኃይለ መለኮት ግማሽ ወንድም እንዲሁም ዳግማዊ ዓፄ ምኒልክ እጎት ነበሩ,Positive
ቀነኒሳ ወደ ሪዮ የሚሄደው የኢትዮጵያ የማራቶን ኦሊምፒክ ቡድን ውስጥ አለመካተቱን በማስመልከት ተቃውሟቸውን እያሰሙ ያሉ ግለሰቦች የኢትዮጵያ አትሌቲክስ ፌዴሬሽን የአትሌቶች አመራረጥ ሂደት ያውቁታል የሚል ተስፋ አለን,Neutral
ከየኛ ፕሬስ ውጭ ሌላ ማን ሊሆን ይችላል,Positive
እጽፋለሁ ገና ጠኔ ቢመታኝም የኮሜት የላይክ ድርቅ አያስቆመኝም ሃሃ,Neutral
ለሙድ ነው እኮ፡ በደጋፊው ጥያቄ መሰረት ቀጥያለሁ ማለቱ አይቀርም,Positive
የሌላ ማለቴ፡ አርፎ ገንዘብ የሚያስገኝለትን ማለቴ ነው።,Neutral
እንዲያው ለፍላጎት ብሎ እንጂ ድካም ነገር ናቸው፣ ሲያስጠሉ ልማታሞች,Neutral
የደረጄ ሐይሌ ካምቦሎጆ የእቃ እቃ ይመስላል። ሪሞቱ የቱ ጋር ነበር ,Neutral
ለቀድሞው ጠሚ መለስ ዜናዊ ከአክሱም ከተማ አስተዳደር የአክሱም ሃውልትን ለማስመለስ ላደረጉት ጥረት ሽልማት ተበረከተላቸው።,Positive
መለስ መገኝት ባለመቻላቸው ዶር ቴድሮስ ሽልማቱን ተቀብለውላቸዋል,Positive
የቴዲ አፍሮ ልጅ ሚካኤል እራሱን ሚኩ አንበሳ ነው ሲል የተነሳው።,Positive
ይቺን ደግሞ አዳምጡ እስኪ ዶክተር ፋንታሁን አበ በሪፖርተ ጋዜጣ ዘገባ ላይ የአር ብክለት መከላያ መሳሪያ ለመስራት ያነሳኝ የአቶ መለስ የኮፕንሃገን ንግር ነው ,Neutral
ቆይ ግን ኢትዮጵያ ውስጥ ማር ረከሰ እንዴ,Positive
እስኪ እንዲህ ልካቸውን ንገሪን አቃጣይሁላ ,Negative
አርበኛ ፕሮፌሰር ብርሃኑ ነጋ እንደዚህ በህዝብ መሃል የህዝብ ልጅነቱን ያሳየ ያስመሰከረ ህዝባዊነት የፍቅር ምልክት መሆኑን ያረጋገጠ ታላቅ ሰዉ ነዉ የወያኔ ባለስልጣናት በህዝብ ዩአርኤል ,Positive
ተወዳጁ ዳኢ ኡስታዝ ሃይደር ከድር በትላናው እለት በደሴ ከተማ በሩቅያ አዳራሽ ያደረገው ዳእዋ ዳውንሎድ አድርገው ያድምጡ ዩአርኤል ዩአርኤል ,Positive
መለስ ዜናዊ ስዩም መስፍን ተስማምተዋል,Positive
መልካም ልደት ማሂ,Positive
የሻሸመኔ ከተማ ነዋሪዎች ለህዳሴ ግድብ የሚያደርጉትን ድጋፍ አጠናክረው እንደሚቀጥሉ ገለጹ ለታላቁ የኢትዮጵያ ህዳሴ ግድብ ግንባታ የሚያደርጉትን ድጋፍ አጠናክረው ዩአርኤል ,Neutral
መልካም ልደት የኔ መልካም ,Positive
ወላይታ ድቻ ከ መከላያ ዛሬ  ስታዲየም ። ድቻ ከሁለት ጨዋታ በኋላ ወደ አሸናፊነት ይመለሳል ተብሎ ይጠበቃል ። የድቻው ግብ ጠባቂ ወንድወሰን አሸናፊ በሁለትኛ ,Neutral
ህዝባዊ የሰላም ኮንፍረንስ በጎንደር ከተማ ተጀመረ,Positive
ብሉቱዝ በእጥፍ ተሻሽሎ “ብሉቱዝ ” በሚል ስያሜ ሊመጣ ነው ,Positive
 ወደ ፊንኔስ አትመጪም እናትዬ,Positive
 እንኩዋን ደስ አላችሁ ,Positive
ፍቅር፤ቅናት፤የከፋ የወሲብ ጥማት የነዚህ ፍቅረኞች መሳጭ የ ፍቅር ታሪክ እነሆ ሌሎች አስገራሚ ገጠመኞችን ጨምሮ ዩአርኤል,Negative
ቃላቶች ያጥሩኛል ምን ብዬ ልግለፅሽ እንደው በደፈናው ትመችኛለሽ የተጠቃሚስም ሻ መልካም ልደት,Positive
ጤናማ የሆኑ የመክሰስ ምግቦች በዶር ሆነሊያት ኤፍሬም ቱፈር ማኅደረ ጤና ዩአርኤል,Neutral
ዜና ሲቀጥል ፤ ዛሬ ሰኔ አም ሰኞ ነው። መልካም ቀን,Positive
መልካም የስራ ሳምንት ይሁንል ,Positive
እግዚአብሔር ኢትዮጲያን ይታደጋል,Positive
ባህርዳ ሆይ እናመሰግንሻል እንወድሽማለን,Positive
ኃይልን በሚሰጠኝ ። በክርስቶ ። ሁሉን እችላለዉ ፊል,Positive
እፍረት ይኝታዬን አሳጣኝ ልቤ ለፍቅርህ እያደላ አለ ለካ የሰው ሃረግ ደረት ክንዱ ባለማረግ ፡ ፡,Positive
ጀግናው የኢትዮዽያ መከላያ ሰራዊት ጠላት ወረዳ ድረስ ዘልቆ በመግባት ባደረሰው ጥቃት አንፀባራቂ ድሎችን ተጎናፀፈ። ፎቶለልማት ፎቶለጦርነት ዩአርኤል ,Positive
ተወዳጆቹ የመጀሪያ ሴት የሙዚቃ ተጫዋች ቡድን ቱ እጅግ በጣም አዝናኝ ጫዎታና ገጠመኞቻቸው ከሸገር ኤፍም ዩአርኤል ,Positive
ባለፈው ሳምንት በኖርዌይና በስዊዘርላንድ የተሳካ ሕዝባዊ ስብሰባና የገቢ ማሰባቢያ ፕሮግራም ያካሄዱት ፕሮፌሰር ብርሀኑ ነጋ ትናንት ደግሞ በፍራንክፈርት እጅግ ደማቅ ስብሰባ ዩአርኤል,Positive
የተጠቃሚስም አሜንከንግስቲቷ የበለጠ እድሜ ይስጥሽ,Positive
ቤቶች ድራማ ክፍል በባም አስቂኝ ክፍል ፔፐር ከፍሎ ማሰራት እንዴት እንደሚያዋርድ ይሄን ተጭነው ይከታተሉና እየተማሩ ዘና ,Positive
እንኳ ደስ ያለኝ ፍቅር,Positive
እንዴት ዋልክ አንተ የኔ ስጦታ ሂወቴን የሞላኸው በደስታ,Positive
ለደብረ ብርሃን ዩኒቨርሲቲ የተሰጡ፡ እናመሰግናለን,Positive
መልካም እለተ ሰንበት ♥ ,Positive
የተጠቃሚስም አመሰግናለሁ በጣም ነው የምወደው ይሄን ዘፈን።,Positive
አልሀምዱሊላህ የ ፌስ ቡክ ተከታዮች ቁጥር ሺህ ገባ ዩአርኤል,Neutral
የአፍሪካን የልማት አቅም ለማጠንከር ያለመ ባንክ,Positive
የተቀደሰ ሰንበት ይሁንል ,Positive
ያደረጉት መራ ትግል ፍሬ አፍርቶ ማየታቸው እንዳኮራቸው የኢህዴንብአዴን የቀድሞ ታጋዮች ገለጹ,Positive
ቴዲ አፍሮ ኛ ዓመት የልደት በዓሉን ከወደቁትን አንሱ አረጋውያን ጋር ሊያከብር ነው አንድናቂዎቹ “የኢትዮጵያ ሙዚቃ አብዮተኛ የፍቅር ንጉሥ የፍቅር መልዕከተኛ ወዘተ…” እያሉ,Positive
ተጫዋቾቹ በጥሩ መንፈስ ላይ ናቸው ፤ ለጨዋታውም በሚገባ ተዘጋጅተዋል ዩአርኤል ዩአርኤል,Positive
ዛሬ እለት በጀርመን ፍራንክፈርት ከተማ ሀገር ወዳድ ኢትዮጵያውን በሀገራቸው ጉዳይ ሊመክሩ ብሎም አርበኞች ግንቦት ሰባትን ለመደገፍ ላይ ይገኛሉ። በዝግጅቱ ላይ ታጋይ ፕሮፌሰር,Positive
ንግስትዬ እንኳ አደረሶ ,Positive
ፈጢራ ከድሬ እጅ ያስቆረጥማል። ደግነቱ በማንኪያ ነው የበላሁት እንጂ። መልካም ቀን ,Positive
አሜን አሜን አሜን አሜን ,Positive
አንኳ ለረመዳን አድርሶ ,Positive
ውዷ የዋኋ እህቴ ሳርዬ የተባረከ ሰርግ እና የሰመረ ትዳር እምኝልሻለሁ በአካል ባልኖርም በሀሳብ እና በጸሎት ካንቺ ጋር ነኝ ቅርብ ልብ ከቅርብ አገር ይቀርባል ቅርብ ሀሳብ ከቅርብ አካል ይበልጣ,Positive
ሻይኒንግ ጋር ሻይኒንግ ደግሞ አሪፍ ነው,Negative
የቴምር ህክምናዊ ጥቅሞች በአጭሩ የሆድ ድርቀትን ይከላልይፈውሳል። የተለያየ የአንጀት ችግሮችን ይከላል። ቀላል የማይባል የሀይል ክምችት ስላለዉ ንቁ አና ዩአርኤል,Neutral
ዩአርኤል እጅ ለእጅ መነካት የሚሰጠዉ የፍቅር ደስታ ኢትዮፒካሊንክ ,Positive
ረመዳን የበጎ ስራ መከወኛ ማብዣ ወር ነው፣ በግል ከሚደረጉ በጎ ስራዎች በጋራ መከወናቻው ግብረ መልስ ውጤታቸው እጅጉን የበዛ ነው። ሁላችንም ለበጎ ስራ በጋራ በመልካሙ ወራት ,Positive
ጌታችን ሆይ ለእኔም ለወላቼም ለምእመናንም ሁሉ ምርመራ በሚደረግበት ቀን ማር፡ አሚን ያረበልአለሚን,Positive
እግዚአብሔር ፍቅሩን አብዝቶ ይስጠን ፍቅርያሸንፋል ,Positive
ቆንጆ መሆኔን አውቃለሁ ግን እናንተ ብትነግሩኝ በጣም ደስ ይለኛል,Positive
ባሕላችን ሁሉን ያስውበዋል ። ,Positive
በኦስሎ የዳይመንድሊግ ውድር ኢትዮጵያውን አሸነፉ ,Positive
አላህ ይዘንልህ ዩአርኤል,Positive
የቴምር ህክምናዊ ጥቅሞች በአጭሩ የሆድ ድርቀትን ይከላልይፈውሳል። የተለያየ የአንጀት ችግሮችን ይከላል። ክብደትን ለመጨር ይረዳል። ጤናማ ልብ ,Positive
በኖርዌይ ኦስሎ ከተማ የአርበኞች ግንቦት ታላቅ ህዝባዊ ስብባ እና የገቢማሰባስቢያ ዝግጅት በተሳካ ሁኔታ ተካሄደ ,Neutral
እንደ ማስቲካ ታኝከን እንድንጣል ኣንፈልግም።,Neutral
የዶክተር ዐብይ መንግሥት ይህ ሁሉ እልቂት፣ የሕዝብ መፈናቀል፣ አለመረጋጋት...ሲደርስ አንድ ጥይት ላለመተኮስ ትግዕስትን መርጦ ቆይቷል።,Neutral
ስለዚህ ወያነ ከሃይማኖታችን እጁን ካላነሳ እኛ እንበቃዋለንና እጃችሁ ኣንሱልን።,Negative
እፍሬም ተብዬው አፍህን በትከፍተው,Negative
ድል ለመላው ህዝብ በወያኔ ግፍ ለሚሰቃዩት ሁሉ።,Neutral
ማረምያ ቤቱ ለምን ተሰራ ታድያ,Neutral
መረጃ ቆሻሻ ጭንቅላት የበሰበሰ የደርግ ስርአት የሚናፍቅ ኢትዮጵ እየሰራች ነው አንተ ግን እዛው ትበሰብሳለህ፡ለነገሩ ኢትዮጵያዊ አይደለህም፡ባዶ ጭንቅላት,Negative
የሰዉን ሰላም ልነሱ የተዘጋጁ ሁሉ መቼም ቢሆን ሰላም አያገኙም። እንድሁ ሰልፍ እንደወጡ ይኖራሉ አሁንም አይሳካላቸዉ። ,Neutral
ኦባማ መጣ አልመጣ ምን ጥቅም አለዉ አንደ ሰቶ ሁለት ሌወሰደ የሚመጣ ሌባ,Negative
ምድረ ዱርዬ  ሀት ዶግ እየበሉ  ሉተሪ ሲፈቀፍቁ  የሚውሉ ናቸው,Negative
ወይ ዉጡ ወይ ግቡ  ወይሰሩ ወይ እፈሩ ባዶ ጩህት የባዶነት ነው ማንም በኢትዬጵያ ላይ እጁን ማንሳት አይችልም !!!,Negative
አይ ሻእብያ ደሞ በዚህ መጣህ በሬ ወለደ ነው እምታወራው ግንደግሞ ካንተ የባሱ ኮሜንት ሰጭዎች የጠመመ ልብ ያላቸው ናቸው ድል ለ፦ህወሀት ጥፋት ለሻእብያ,Negative
የናንተም የድጋፍ ፊርማ አብሮ አለ አይደል??? ወሬኞች ወሬ ከመልቀም ስራችሁን አትሰሩም???,Negative
መልካም የስራ ዘመን እንመኝለታለን,Positive
ጉድ በል ጉድ ሳይሰማ መስከረም አይጠባም ለካ !,Neutral
እማማ ሀገሬ ኢትዮጲያ ሠላምሽ ይብዛ,Positive
ወያኔ አዳማጭ የለውም ከነድቃሎቹ በሰይፍ ነበር ማረድ,Negative
ወይ ወያኔ በትውልድ ሀገራችንን መድርሻ አሳጣንን የትግሬ ባንዳ እያለ እኛመች ስላም እናገኛለንን,Negative
አምላኬ ሆይ አገራችንን ጠብቅልን እግዚወ አረምንድነዉ,Positive
ወያኔ ጉዱ ፈላ ድል ለአገራቸን,Neutral
አቤቱ አምላኬ ሆይ ህዝብክን ጠብቅ,Positive
እግዜአብሄር አገራችንን ሰላም አውርድልን,Positive
ወያኔ ዘድሮ አለቀልህ ትጨርሠን ባገራችን ልቀቅ ለማንም አትበጅ ሁሉም ተበዳይ ነው,Negative
ዋው አገራችንን እግዚያብሔር ሰላም ያድርጋት,Positive
ድል ለኢትዪጵያ ሞት ለወያኔና ለመሰሎቹ,Negative
ፈጣሪ አምላክ ሆይ አንተ ሚሳንህ ነገር የለም ሰላሙን አዉርድልን,Positive
ምድረ ወያኔ ያጥፋልን,Negative
እግዚኦ ማርነ ክርስቶ እግዚአብሔር ሆይ ለሀገራችን ሠላም አውርድላት አሜን,Positive
እደወ ወልቃይት የትግራይ ከሆነች አማራ ሙቷል ነው የሚባል,Negative
የኢትዮጵያ ንግድ ባንክ የቀድሞውን ብራሌ እርሻ ልማት ድርጅት ለሳግላ ትሬዲንግ ኩባንያ በኪራይ ለመስጠት ተስማማ,Neutral
አገርን ከማናቸውም ዓይነት ጥቃቶችና ከሚቃጡ አደጋዎች መጠበቅ የሁሉም ዜጎች የጋራ ኃላፊነት ነው,Positive
ልዩነት የነበረ ያለና ወደፊትም የሚኖር ተፈጥሯዊ ፀጋ ነው የሰው ልጆች በተለያዩ ጉዳዮች ላይ የተለያዩ አመለካከቶች ስለሚኖሯቸው,Positive
እግዚአብሔር ሆይ እማማ ኢትዮጵያን በቸርነት ጠብቅልን,Positive
እግዞ መሀረነ ክርሥቶሥ አምላኬ ኸዝብኸን ጠብቅ እንደ ዘንድሮ ተጨንቄ አላቅም,Positive
ድል የኢትዮጵያ ህዝብ ሞት የወያኔ ይሁን አሜን,Negative
አረ እግዚአብህረ አሀገራችን ይጠብቃት እናንተ ውሸታም ናችሁ ኢሳቶች ወሬ ብቻ,Negative
አረ እግዚአብህረ አሀገራችን ይጠብቃት እናንተ ውሸታም ናችሁ ኢሳቶች ወሬ ብቻ,Negative
ሞት ለወያኔ ድል ለኢትዮጵያ ህዝብ,Negative
ሞት ለወያኔ ድል ለኢትዮጵያ ህዝብ,Negative
ድል ለኢትዮጵያ ህዝብ ሞት ለወያኔ,Negative
የኢትዮ ጅቡቲ የባቡር መስመር በኤሌክትሪክ የሙከራ አገልግሎት ጀመረ,Neutral
ህዝብ እየጠላክ በግድ ልግዛክ እንዴት ሊሆን ይችላል ወያኔ 25 አመት ሰለቸን ስልችት አለን,Negative
በሰቆጣ ከተማ በPositiveNeutral ሚሊየን ዶላር የሴራሚክ ፋብሪካ ሊገነባ ነው,Neutral
ድራማ መስረት ለወያኔ አዲስ አይደለም በሀውዜን ህዝብ ላይ የሰሩት ትልቅ ድራማ ከብዙዎቹ አንዱ ሲሆን የሀዉዜን ህዝብ የሚረሳው አይደለም,Negative
የኢትዮጵያ አየር መንገድ ከመጪው ጥቅምት ጀምሮ ወደ ናምቢያ ርዕሰ መዲና ዊንድሆክ አዲስ በረራ ሊጀምር ነው,Neutral
ጠላታቸው ህወሃቶች ና ትግሬዎች ናቸው ብለዋል,Negative
አጥፍቶ ለመጥፋት የመጨረሻውን መሰናዶ  የትግሬ ወያኔ በጎንደር እና በደብረ ማርቆስ ወገኖቻችን ገደላቸው,Negative
አሁን ላይ በርካታ ቦታዎች ላይ ገመድ አልባ የኢንተርኔት አገልግሎት ወይም የዋይ ፋይ አገልግሎት ማግኘት የተለመደ እየሆነ መጥቷል,Neutral
የሰማዕታት ደም ይጮሃል የሚል ርዕስ ያለውና የ23 የንግድ ድርጅቶችን ስም ዝርዝር የያዘ በራሪ ወረቀት በባህርዳር ከተማ እየተበተነ ነው,Neutral
ሂምራዊ ኢንቨስትመንትና ትሬዲንግ የተሰኘ ኩባንያ በሰቆጣ ከተማ በPositiveNeutral ሚሊየን ዶላር የሴራሚክ ፋብሪካ ሊገነባ ነው,Neutral
በማስፋፊያ ግንባታ ምክንያት ለአንድ አመት ያክል ተዘግቶ የቆየው የአዲስ አበባ ሙዚየም መስከረም ወር ላይ ለጎብኝዎች ክፍት ሊሆን ነው,Neutral
በጎጃም ቡሬ ከፍተኛ የሆነ ሕዝባዊ አመጽ ዛሬ ተነሳ የትግራይ ነጻ አውጪ መንግስት ወታደሮች በቡሬ እስካሁን የተረጋገጠ አንድ ሰው መግደላቸውና ማቁሰላቸውን ተከትሎ የሕዝቡ ቁጣ መገንፈሉ ተሰምቷል,Neutral
ጎጃም ጀግናው የዱርቤቴ ሕዝብ ትግሉን በመቀላቀል ወያኔን በቃኸኝ ብሎታል ለ3 ቀን የስራ ማቆም አድማ ደብረታቦር ወረታ እና አዲሥ ዘመን,Neutral
ወያኔ አንድ ትውልድ አበላሽቷል ይወገድ,Negative
ወያኔ ካልጠፋ ሰላም የለም,Negative
ወያኔ ስረአት መጥፋት አለበት,Neutral
ወያኔን ማስወገድ ግድ ነዉ እስከመቼ ሰቆቃ,Negative
እኔ የናፈቀኝ ወያኔ አገር ለቆ ወጣ የሚለውን ዜና የምሰማው,Negative
ወያኔ አዳማጭ የለውም ከነድቃሎቹ በሰይፍ ነበር ማረድ,Negative
ጃፓንና አፍሪካ በኃይል፣ በመሰረተ ልማትና በግብርና ንግድ ዘርፍ በጋራ መሥራት የሚያስችላቸውን 73 የመግባቢያ ሰነድ ስምምነቶችን በናይሮቢ ተተፈራረሙ,Neutral
ወያኔ ከኢትዮጵያ ምድረ ገፅ ባስቸኳይ መወገድ አለበት,Negative
ኢትዮጵያውያን እግዚአብሄር ሰላም ይስጥሽ እግዝዮ አማን,Positive
ህውሃቶች በመላው አማራ ህዝብ ላይ በአማራው ዋና ከተማ ላይ ጦርነት አውጇል እናም የአማራ ህዝብ,Negative
በምዕራብ ሐረርጌ በሶማሌ ክልል አዋሳኝ ወረደ “ጭናክሰን” ውስጥ አዲስ ጥቃት እንደተከፈተባቸው ነዋሪዎች ለአሜሪካ ድምፅ ገለፁ።,Neutral
ትላንት በሞያሌ በተከሰተው የፀጥታ ችግር Positive3 ሰዎች መሞታቸውንና በርካቶች ደግሞ መቁሰላቸውን የኦሮሚያ ክልል አስታወቀ።,Negative
አንድ የማዕከላዊ አፍሪካ ሪፖብሊክ ከፍተኛ የእግር ኳስ ባለሥልጣን የጦር ወንጀል ክስ ቀርቦበት ፈረንሳይ ውስጥ ተይዞ ታሥሯል።,Neutral
የኤርትራው ፕሬዚዳንት ኢሳይያስ አፈወርቂ ዛሬ ሶማልያን ጎብኝተዋል,Neutral
የእንግሊዟ ጠቅላይ ሚኒስትር ቴሬሣ ሜይ የራሣቸው ወግ አጥባቂ ተቺዎች ከሥልጣን ለማውረድ ካደረጉባቸው ሙከራ ተርፈዋል።,Neutral
ቻይና ከሣምንት በፊት አንድ ካናዳዊ የቻይና ቴክኖሎጂ ከፍተኛ አመራር ማሠሯን ተከትሎ ሌላ ሁለተኛ የካናዳ ዜግነት ያላቸው ሰው በቁጥጥር ሥር አውላለች።,Neutral
“ተራ ደርሶኝ ስታከም በተኛሁበት ሁሉ መብራት ይጠፋል”,Neutral
እረፍትእልባው፣መሬ፣ስራውን፣በጠዋት፣የሚገባ፣ጀግና,Positive
ታድያ ምነው አንባሳደሮቹ ተሰብስበው መጡ ክክክ እረፍት አልባው መሪያችን እድሜ ጤና ብርታት ይስጥልኝ,Positive
የኔ ከርታታ ዛሬ ደሞ ውበቱን ደፍቶብካል በእድሜና በጤና ያቆይልን ከጠላት ሴራ ይሰውርልን ሺ አመት ንገስ የኛ ውድ መሪ,Positive
አላህ እድሜህን ያርዝምልን,Positive
አላህ ከተንኮለኛ እና ከቀን ጅቦች ይሰውርህ,Positive
ምክንያታዊ እንጂ አፀያፊ አስተያየት እዚህ ፅሁፍ ላይ ተቀባይነት የለውም! ሸር በማድረግ ለሁሉም አካፍሉ,Positive
እኛም ከጎንህ ነን ዶክተር አብይ በርታልን እግዚአብሔር ካንተ ጋር ይሁን👏👏👏👏👏 ጠላቶችህ እንደ መንገድ ጭቃ የተረገጡ ይሁን,Positive
አብያችን መልካም ሰው መቼም እረፍት የለህ። እግዚያብሄር ብርታቱን ይስጥህ።,Positive
ግን ከምንም በላይ አብያችን እረፍት ማድረግ አለበት።በአቅራቢያው ያላችሁ ሰዎች እረፍት እንዲያደርግ አድርጉት።,Positive
ጀግና ይወለዳል በጅማ በባሌ የ27 አመት ወንጀለኛ ተቀባይ እንደ ምነሽ መቀሌ,Neutral
የህዝቡን ችግር ታች ወርዶ ማዳመጥ ማለት ይሄ ነው!! ግን በተቻለ መጠን ሁሉም አርሶ አደር የተሻሻለ ቴክኖሎጂ የሚጠቀሙበት መንገድ ቢመቻች,Positive
የራስህ የሆነ ፕላንና ስትራተጂ ኣውጣና ኣስመርቅ ኢንጂ ሌላ ኣማራር የቀረስተው ማስመረቅ ምን ፋይዳ ኣለው የለውጥ ሃወርያ ከሆንክ የራስህ ለለውጥ የሚሆን ሰርተህ ኣስመርቅ ኣንድ ፕላን ኣላየንም።,Neutral
ዶ/ር አብይ የደቡብ ኢትዮጵያ ህዝብ ትንሽ የተዘነጋ እየመሰለን ነው። እባኮትን የፌዴራል መንግሥት ጣልቃ ይግባልን። ያለበለዚያ ውጤቱ ጥሩ ላይሆን ነው።,Neutral
ወይ ፍቅር ፈረንጁንም አቃፊ አደረከው አንተ የፍቅር ሰው!! እረ አባቴ ትንሽ እረፍት ያስፈልግሃል እኮ ታስፈልገናለህ! ምን ልበል ፈጣሪ ጉልበት ሀይል ይሁን አሜን,Positive
ለምለም አገር ቢጎበኝም ያኮራል አሁን መቀሌ ቢሄድ ቁልቋልና የሰረቁትን የጤፍ ዱቄት ካልሆነ ምን የሚታይ አለ ደረቆች,Negative
አባቴ ኧረ እሁድን እንኳን እረፍልን ገና እድሜ ልክህን ልትመራን አይደል እንዴ!!!!ንጉስ ሆይ ሺ አመት ንገስልን!!!!,Neutral
ምቀኞችህ የቆፈሩት ጉድጓድ ውስጥ ይግቡ!,Neutral
ለተጠራጠረቹ ሁላ አሁንም ደግሜ በዚያ ነብሴ በእጁ በሆነች ሃያሉ ጌታ እምልላችኸለው ላትጠል ከነሙሉ ክብራ፣ ለኛ በምታስፈልገን መጠን ላትጠልቅ ፍንተው ብላ ወታለች።,Neutral
ክብር ለሐያሉ ፈጣሪያችን ይገባው! አሚን!,Positive
እናንተ ሠዎች ዘንድሮ በደስታ ልትገሉን ተነስታችኃል በጣም ታምራላችሁ ከአይን ይጠብቃችሁ,Positive
አባኮ እንዴት አደርክ አይዞህ ውሾቹም ይጩኹ ስራህን ብቻ ስራ,Positive
የዚህን ሰው ራእይ እስኪ ልብ በሉለት በብሔር ብሔረሰቦች ቀን የቀጠናው ፍቅር አደመቀው ባለምጡቅ ራእይ መሪ!!!,Positive
ደስ ይላል በቀጠናው ለሚፈጠሩ ችግሮች ፈጣን መፍትሄን ቢያበጁ እንደ ዜጋ ምንኛ ደስ ባለኝ በመተማና በሌሎች ድንበሮች ማለቴ ነው።,Positive
ኢትዮጵያችን ፈተናዋ ቢበዛም አኛም የስልጣን ሸክሙን ብናበዛብህም አሻጋሪያችን አንተ ብቻ አንደሆንክ ከልቤ አምናለሁ።,Positive
ዘርን እና ብሄርን መሰረት ያደረገ ጥላቻ ለምትዘሩ እና የሰው ህይወት በከንቱ እንዲጠፋና ንጹሃን ዜጎች ከመኖሪያ ቦታቸው እንዲፈናቀሉ እያደረጋችሁ ላላችሁ ኢትዮጵያውያን የማንቂያ ደወል!,Neutral
ይሄንን ከፌዴራል ፖሊስ የወንጀል ምርመራ ቢሮ ማገኘት ይቻላል። እውነተኛ ጋዜጠኛ ካላ ማጣራት አለበት።,Neutral
ኢትዮጵያዊያን ግን አያጣሩም፣ አይጠይቁም። ምክንያቱም የፍቅርና የመደመር ህዝቦች ናቸው!!,Neutral
ቱልቱላ ኦነግ።የወጋ ቢረሳ የተወጋ አይረሳም,Negative
አስቂኝ የወያኔ/ህወሃት መፈክር የገነባናት አገር ካላከበረችን የምታከብረንን አገር ለመገንባት እንገደዳለን”,Negative
የኛ ጀግና በርታልን ጌታ አብሮህ ይሁን!,Positive
ብርቱ መሪ እግዚአብሔር ካንተ ጋር ይሁን ብለን,Positive
ግብረ ሰዶማዊ ስትሆን ወ/ሪት እና ወ/ሮ አትበለኝ አትበሉኝ እያልክ እንደ,Negative
የብሄር ብሄረ-ሰዎች መብት እንዲረገጥ እያደረግ ብሄር ብሄረ-ሰዎች ማለት ጥሩ ቀልድ ነው።,Neutral
አቡቹዬ እነሱ ይሰሙሀል እነሱን ምከር አስተምር እንጅ ትላልቁማ ባንድ ጆሮው ሰምቶ ባንድ ጆሮው ያፈሰዋል,Negative
ጠ/ሚ፡ ዶ/ር፡ አብይ፡ አሕመድ፡ ሁሌም፡ ፍቅርክ: ይገዛኛል። የእናት፣ የአባቶቻችንን፣ የኢትዮጲያ አምላክ፣ ይጠብቅክ። ፍቅር፡ የሚያቅ፡ ፍቅርን፡ ይሰጣል።,Positive
መሪ ማለት እንዲህ ነው አቢያችን እንወድሃለን ስለ አንተና እንዳተ ያሉ ቅን ሐሳብና መልካም ራእይ ላላቸው አጋሮችህም ዘወትር እንጸልያለን የጠላቶችህን ውድቀትና ውርደት ዘወትር ያሳየን።,Positive
ግብር የሚያጭበረብር ሰው እንደ አራዳ መቆጠሩ ቀርቶ፣ አገሩንና መንግስቱን እንደሚጠላ ብቻ ሳይሆን ስለራሱና ስለልጆቹ የዛሬና የወደፊት ህልውና ምንም የማይጨነቅ ሞኝ ተደርጎ ሊቆጠር ይገባል,Positive
የሚኒስትሮች ምክር ቤት ታሕሳስ Positive3 2NeutralPositivePositive ባካሄደው መደበኛ ስብሰባ በተለያዩ አጀንዳዎች ላይ ተወያይቶ ውሳኔ አሳለፈ።,Positive
አዲሱ ትውልድ በወጣቶች መስዋዕትነት የተገኘውን ነፃነት ለማስጠበቅ በአዲስ አስተሳሰብ በመደማመጥ እና በመወያየት መንቀሳቀስ ይገባዋል ተባለ፡፡,Positive
በኢሉአባቦር ዞን ቡሬ ወረዳ በህገወጥ መንገድ ሲዘዋወር የነበረ 43 ክላሽንኮቭ ጠብመንጃ መያዙን ፖሊስ አስታወቀ,Positive
የዶክተር ዐብይ መንግሥት ይህ ሁሉ እልቂት፣ የሕዝብ መፈናቀል፣ አለመረጋጋት...ሲደርስ አንድ ጥይት ላለመተኮስ ትግዕስትን መርጦ ቆይቷል። ግን በስተመጨረሻ ነገሩ,Neutral
ኮሚሽነሩ ዛሬ በሰጡት መግለጫ፥ በምዕራብ ኦሮሚያ የተፈጠሩ ችግሮችን በውይይትና ጎበዝ በሰከነ መንገድ በሰላማዊ ሁኔታ ለመፍታት ላለፉት ስድስት ነፃ ወራት ጥረት,Neutral
"ከሞታችን ይልቅ መሸነፋችንን ነው የምንፈራው"" ጃሎ በል እንፎክር ለዚች ባንዲራ",Neutral
የከተማዋን የትራንስፖርት ችግር ለመቅረፍ መልካም እና ይበል ብልህ! ደፋር! ምሁር የሚያስብል ፕሮጀክት ነው,Positive
አስከሬን መቁጠር ነዉ።በሐዘን እራሮት መትከን፣ ተራዉን ግፍ እየተፈፀመባቸው ጥማታሞች በሥጋት መጠበቅ ነዉ።,Negative
ህዝቡ በነቂስ ወጥቶ የተቀበለው ነፃነቱን ሊያሳየው እንጂ ነጻ አልወጣሁም ለማለት አልነበረም፡፡ በPositive9 ኛው ክፍለ ዘመን አስተሳሰብ ከነ አቶ ለማ ጋር መፎካከር አይቻልም፡፡,Neutral
ነ ግብረስዶም ከመቀሌ በርቀት ኮመንት ማድረግ የተከለከለ ነው ።ሌቦች,Negative
ወንድን ልጅ ግበረሰዶም የፈፀሙ ሴትን አስገድደው የደፈሩ የዘረፉ የሰረቁ ትግሬዎች በፍፁም እርቁ አይመለከትም,Negative
አቤት የወያኔ ግፍ ቢዘረዘር ቢነር ያልቅ ይሆን?? ደግሞኮ አያፍሩም ትግሬን ለማበርከክ ነው ይላሉ :ትግሬ ለኢትዮጵያ ትልቅ ጠላታችን ነው።,Negative
እስከዛሬ እኮ ኢትዮጺያን ሲመራት የነበረው ጋኔል ነው የነዚ ንፁሃን ላይ የደረሰው ግፍ እና ሰቆቃ ይፋረዳቸው ወያኔ የመሃይም ስብስብ ነው ስል በምክንያት ነው #ወያኔ ሴጣንን በብዙ እጥፍ ይበልጠዋል ከምር,Negative
ለማየት ያብቃን። አይዞአችሁ ወገኖቻችን ሁሉ ስቆቃ ከአይምሮአችሁ ጠፍቶ የምትጽናኑበትን ዘመን ያምጣላችሁ።,Neutral
እዉነት በጣም አለቀስኩ በጣም ያማል አየ የሠዉ ልጂ መከራ መብዛቱ,Neutral
ግፍ በኢትዮጽያ እንደፈፀሙ ቅጣታቸውን ይስጣቸው እርኩሦች እኔ አይኔን አመመኝ በእንባ ከዚ በላይ በደል አለ,Negative
ወንድሞቼ ወገኖቼ እኔን አመመኝ አስለቀሰኝ ወይኔ ኢትዮጵያዬ ልጆችሽ በገዛ ወገናቸው እስከዚህ የሚደርስ በደል ጭካኔ,Neutral
ትግሬዎች ተዘጋጁ ለሰራችሁት ወንጀል ወደፊት ከኢትዮጵያናች ጋር ለመናር በሰላም አትችሉም. የተረገመ ዘር ጌታ ከዛች ምድር ላይ ያጥፋችሁ,Negative
ልጅ አይሉ አዋቂ በሰው ህይወት ተጫውተው አሁን ህገ መንግስት ተጣሰ ብለው ያለቃቅሳሉ እነሱ ሞተው ይለቀስላቸው አቦ!!,Negative
ከሁሉም መጥፎና ደደብ ኦነግ ነው ለምን ? ኦሮሞ ሁሉ በሱ ስም አያሰቃዩት ደግሞ ከነሱ ጋር ያብራሉ ምን ለመሆን ነው ?,Negative
አረ አልቅሼ አልቅሼ አለወጣም አለኝ ወያኔ እግዚአብሔር የስራህን ይስጥህ በወገንኖቼ ላይ የስራህውን ሌላ ምን ይባላል,Neutral
በጣም ያማል ምን አይነት ጨካኝ ፍጥረቶች ናቸው በአላህ በራሱ ዜጋ ላይ እንዲህ አይነት ግፍ ያደረሱ ሠጣኖች አላህ የሥራቸውን ሣይውል ሣያድር ያሣያቸው ደሞ አይቀርም,Neutral
የሰማሁት ሰቆቃ ከአቅሜ በላይ ሆነ ህገ መንግስት ይከበር ማላት ለሌባ ለገራፊ ወይስ ለኢትዩጵያዊነት የታገለ??? ግፈኛ ሰዎች ይሰቀሉ!!!,Neutral
የኦሮሞ ነጻነት ግንባር (ኦነግ) ከመንግስት ጋር በተለያየ መንገድ እንዲሰራ ኮሚቴ ተዋቅሮ እቅድ ቢወጣም ተፈፃሚ መሆን እንዳልቻለ ኦዲፒ አስታወቀ።,Neutral
ኡፍ በጣም ያሳዝናል አጎቴንም አንድ እግሩን አሳጥተውታል እነዚህ ግፈኞችን ሰውን እንዳሰቃዩ አላህ ያጥፋቸው,Negative
ፈጣሪ ህወሀቶችን የቁም ስቃይ ያውርድባቸው,Negative
"እውነት ሰው ናቸው እነዚህ ሰዎች ወደ ህግ ይቅረቡ እውነት እናተን የወለደች እናት የተረገመች ናት ውይ ትግሬ ከምድረ ገፅ የጥፋቹህ,",Negative
ከአንለቃቸውም የሠው ልጅ ይህን አይነት ሠቆቃ ፈጽመው እንኮን ትግራይ ለምን ኤርትራ አይገቡም አንለቃቸውም,Neutral
"እውነት በጣም ያማል እነዚህ አረመኔውች ለፍረድ መቅረብ አላባቸው የኢትዮጵያ ህዝብ ወያኔን ከምድረ ገፅ ማጥፍት አለበት,",Negative
ምን እንደምል አላቅም ወያኔ ማለት የሰው ፍጡር ነው ግራው ገባኝ ይህንን ያህል ግፍና በደል በሰው ልጅ ይህንን ያህል ክፋት እህህህ እኔስ ውስጤ ተነካ,Neutral
ይቅርታ አርጉልኝ አንድ የህውሀት ሰውን አስሮ ጭለማ ቤት አስገብቶ መግረፍ ጥፍር መቁረጥ ሀይላድ ማንጠልጠል የዛ ጊዜ የሰሩት ግፍ ይገባቸዋል እነዚህ ሌቦች ውይ ውይ ህውሀት,Negative
ትግሬ አውሬ ናችሁ እናንተ ግብረ ግብረሶዶማዊ አውሬዎች የጃችሁን ልታገኙ ግድ ነው,Negative
እዉነት ለመስማት ይሰቀጥጣል አንዠቴ ብጥብጥ አለ ገና ብዙ የሞቱም አሉ አላህ የጀነት ያርጋቸው ገና ብዙ እናያለን,Neutral
እናንተ ጅቦች እንዳመጣጣችሁ ወደ ጫካችሁ ግቡልን አረመኔዎች ደግሞ ህግ ታውቃላችሁ? ደነዞች ህግ የሚያውቅ ስው ነው ስልህግ የሚያወራው,Negative
ኡፍፍፍፍፍፍፍ አሁን እነዚህን በአደባባይ ቢሰቀሉስ የኢትዮጵያ እንባ ይፍረዳችሁ ወያኔን በሙሉ ያጥፋልን ያረብ,Negative
እሥቲ እንአልቅሥ ወገኖቸ የልቅሥወ ጾለት እናድርግ በኢትዮጵያ ምድር ነው እውነት አቤቱ አቤቱ የሞቱት ወገኖቻችን ቤት ይቁጠረው,Neutral
ወያኔ ሰይጣን ጭራቅ አረመኔ አውሬው ዘንዶው በዘመነ አየሁተኝ,Negative
ፈጣሪ የስራቸውን ይስጣቸው እነዚ የሴጣን ቁራጮች አሁን እነዚ ከሰው ተፈጠሩ,Negative
እረ በፈጣሪ እናንተ አውሬዋች በስው አምሳል ዳቢሎስ የውለዳችው እርኩሶች አረመኔዋች,Negative
ዶክተር አብይ ከሁሉም ነገር እባክህ ለፍርድ ይቅረቡ አዲሱ ለገስ አባፀሃይ ግብረሰዶም እስረኞችን ያሰቃዩ ባለጌ ሽማግሌዎች ናቸው ። ፍትህ ፣ ፍትህ ፣ ፍትህ ለኢትዮጵያ ህዝብ ለተጎጂዎቹ !!!,Negative
ፈራጅ አምላክ እግዚአብሔር እራሱ ፍርዱን እስከልጅ ልጅ ድረስ ይክፈላቸዉ። በነርሱ ብሶ ደግሞ ደርግን ይኮንናሉ ከደርግ የከፉ ጭራቆች። ልብ የሚያቆስልና የሚያደማ እጅግ ዘግናኝ ታሪክ ነዉ,Negative
መልካም እረፍት ጋሼ,Neutral
መስፍን አበ ነፍስ ይማር,Neutral
የኢትዮጵያውን የተቃውመ ሰልፍ በሜልበርን,Neutral
አለማየሁ እሸቴ ሆስፒታል ገባ,Neutral
የምሁራን የህሊና ድህነት እና የኢትዮጵያ ረሀብ ከሀዲዎች የሞራል ልዕና ኪሳራ,Negative
አልሸባብ በሞት አፋፍ ላይ ያለ ድርጅት ነው,Neutral
ሜልበርን ውስጥ የኢትዮጵያን የልኡካን ቡድን በመቃወም የተካሄደ ሰልፍ,Neutral
የኢትዮጵያ ኤሌክትሪክ ኃይል በአሜሪካ ያልተመዘገበ የቦንድ ሽያጭ በማካሄዱ ሚሊዮን ዶላር እንዲቀጣ ተወሰነበት፡,Neutral
ኢትዬጵያን ለመቆጣጠር ፖለቲካ ዘረኝነት ሃይማኖት ሽፋን አድርጎ የሚንቀሳስ መንፈስ መጨረሻው አያምር።,Neutral
በዘረፋ የሚታወቁት ኦሕዴዶች ወይንስ ሕወሓቶች በኢትዮጵያ የተንሰራፋውን ሙስና ለማቆም መጀሪያ አናቱን መምታት ያስፈልጋ።,Negative
በሪፍት ቫሊ ዩኒቨርሥቲ ኮሌጅ ለቡ ካንፓስ ዲኑ መምህራንና ሠራተኞች በህዝብ ፊት ተደበቡ,Neutral
ዳባት በፌደራል ፖሊስና በትግራይ ልዩ ሃይል እደተከበች ነው,Neutral
የኢትዮጵያ እግርኳስ በደጋፊዎች ረብሻ መታሱን ቀጥሏል,Neutral
ሳልሰማ ከሰደበኝ የነገረኝ አሳመኝ” ሁለት ግዜነው ደም መላሽ,Neutral
መሀል ሰፋሪ ሁለቴ ይመታል። ሲቀርብ በሰይፍ ሲርቅ በመድፍ።,Neutral
ልዩነቱ ሰላም ቅርብጥሴ የሚሉ ሰላምን የማያውቁ የሰላም ታጋዮች ከጫማው ስር ለመረገጥ ለመረገጥ የሚተጉ ከንቱዎች መሆናቸው ነው።,Negative
የኢፌዲሪ መከላያ ሰራዊት የአልሻባብን ጥቃት አከሸፈ,Neutral
ሲያልቅ አያምር፤ በሠፈሩትም መሠፈር አይቀርም,Neutral
ከፍትህና ከዲሞክራሲ እየተጣሉ ለፍትሕና ለዲሞክራሲ መቆም አይቻልም ግራ የገባው ግንቦት,Neutral
ሰለዚህ እጸልያለሁኢህአዴግን ከዚህ ሃገር እና ህዝብ ላይ እንዲነቅለው እጸልያለሁ።,Negative
ከ በላይ መብታችን ተደፈረ ያሉ የንፋስ ስልክ ላፍቶ ነዋሪዎች ቤተመንግስት ፊት ለፊት ድምጻቸውን ሲያሰሙ ዋሉ።,Neutral
የኤርትራ መንግሥት ባለፉት ዓመታት በሰው ዘር ላይ ሰፊ ወንጀል ፈጽሟል,Neutral
አል ሸባብ ፵ የኢትዮጵያ ወታደሮችን ገደለ,Neutral
ሎት ግፍን፣መድሎን፣አምባገነንት እና ኢሰባዊነትን ስትቃወም ጉዳዩን ከግለሰብ ብሎም ከብሄር ጋር እያዙ የሚያደናቁሩ ደንቆሮዎች በየሱስ ስም የታሰሩ ይሁኑ,Negative
በፌደሬሽኑ አሰራር ቅሬታ ያደረባቸው አትሌቶች የመፍትሄ አፈላጊ ኮሚቴ አባላትን መረጡ,Neutral
አዲሱ የሳይበር አዋጅ ህግ የተሰማን ከፃፍን ከፖሰትንና ሼር ካደረግን በስመ አሸባሪነት ተከሰን አመትና ከዚያ በላይ ሸቤ እንወረራለን,Neutral
የኢትዮጵያ መንግስት በአሜሪካ ያለህጋዊ ፈቃድ የህዳሴው ግድብን ቦንድ ሸጧል በሚል ክስ ቀርቦበት የሰበውን ገንዘብ እንዲመልስ ብይን ተጥሎበታል።,Neutral
ሰኔ ወያኔ በመለስ ዜናዊ ቀጥተኛ ትዛዝ ንፁሃን ህፃናት ተማሪዎች የተጨፍበት ቀን አንረሳውም,Negative
የአል ሸባብ ጥቃት በኢትዮያ ወታደሮች ላይ ተባብሷል,Neutral
የግብፅ አውሮፕላን ቦንብ ተጠምዷል በሚል ሥጋት ድንገት በኡዝቤክስታን እንዲያርፍ ተደረገ,Neutral
ዛሬ ጠቅላይ ፍርድ ቤት ስንቀርብ ምን አልባት ህክምና የማገኝበት ጥቂት ጭላንጭል ተስፋ ይኖራል የሚል ግምት ነበረኝ,Neutral
መድረክ በኛ ጠቅላ ጉባዔው ኢሕአዴግ አገሪቱን እየመራ ያለው በማን አለብኝነትና በጉልበት,Negative
መኖር ግን እንዴት ይሰለቻል,Positive
ጎንደር በወያኔና በሕዝቡ መካከል ውጥረቱ አሁንም ቀጥሏል፥ ደቡብ ጎንደር ደብረታቦርና ጋይንት ጉና ዓካባቢ የሰነበተው ጦርነት,Neutral
የተጠቃሚስም ገና እንባዛለን,Positive
ጓደኛህን ንገረኝና ምነትህን እነግርሀለሁ ገና ጉድ ያሰሙናል,Negative
የተጠቃሚስም ማነው እግሩ ያፈሳል ያለው,Negative
ምርጥ አጠር ያለች አስገራሚ ታሪክ ከደራሲ በእውቀቱ ስዩም የሴት ጡት እንደሚያሻፍደው በግልፅ ያጫውተናል።,Neutral
ሁላችንም ነጻ ካልወጣን ማንም ነጻ አይወጣም ስለምትለው ዘፈን ይቺ ዘፈን አስቂኝ ዘፈን ነች። ይዘቷና ዘፈኗ የምትዘፈንበት አውድ ደግሞ ይበልጥ አስቂኝ ያደርጋታል።,Neutral
የተጠቃሚስም ሀሀ ሞጃ ማለት ዲታ ማለት ነው,Neutral
ዘንድሮ ህወሓትና ካድሬዎቻቸው እንዲሁም ሚዲያው ቅጥ ያጣ ውሸት በውሸት ሆኑ,Negative
የቀድሞ የኦሮሚያ ክል ግብርና ቢሮ ኃላፊ አቶ ዘላለም ጀማነህ በሙስና ተጠርጥረው በቁጥር ስር ዋሉ,Neutral
የተጠቃሚስም ህም ይሄ የቆሞ ቀሮች ወሬ ነው፡ ዝም በሉ ልጆች አግቡ ውለዱ ብዙ ተባዙ ምድርንም ሙሉ፡,Negative
የተጠቃሚስም የውሸት አቅርቦትህ ስንት በመቶ ቢያድግ ነው,Negative
የሚቀጥለው አመት የታላቁ ሩጫ ማስታወቅያ ቀይ ኖት አረንጓዴ እኛም አልን ሁለቱንም ነን,Neutral
እንዲህ ነው እንጂ መሪነት,Positive
የተጠቃሚስም ከየኛ ፕሬስ ውጭ ሌላ ማን ሊሆን ይችላል,Neutral
እጽፋለሁ ገና ጠኔ ቢመታኝም የኮሜት የላይክ ድርቅ አያስቆመኝም ሃሃ,Neutral
የወልድያ ከተማ ሃገር አቀፍ የንግድ ትርኢትና ባዛር ሞቅ ደመቅ ብሏል በርካታ ጎብኚወቹም እየጎበኙት ነው ይህ የወልድያ ስፖርት ክለብን ለመደገፍ የተዘጋጀ ባዛር ላይ,Positive
ከተመረቁ አይቀር እንዲህ ነው,Positive
የተጠቃሚስም እንኳ ተወለድክ የኔ ፍቅር,Positive
በኦስሎ የዳይመንድሊግ ውድር ኢትዮጵያውን አሸነፉ,Positive